-- phpMyAdmin SQL Dump
-- version 5.2.1
-- https://www.phpmyadmin.net/
--
-- Host: 127.0.0.1
-- Generation Time: Apr 20, 2024 at 03:55 PM
-- Server version: 10.4.32-MariaDB
-- PHP Version: 8.2.12

SET SQL_MODE = "NO_AUTO_VALUE_ON_ZERO";
START TRANSACTION;
SET time_zone = "+00:00";


/*!40101 SET @OLD_CHARACTER_SET_CLIENT=@@CHARACTER_SET_CLIENT */;
/*!40101 SET @OLD_CHARACTER_SET_RESULTS=@@CHARACTER_SET_RESULTS */;
/*!40101 SET @OLD_COLLATION_CONNECTION=@@COLLATION_CONNECTION */;
/*!40101 SET NAMES utf8mb4 */;

--
-- Database: `concert-reservation`
--

-- --------------------------------------------------------

--
-- Table structure for table `blogposts`
--

CREATE TABLE `blogposts` (
  `postID` int(11) NOT NULL,
  `title` varchar(255) NOT NULL,
  `content` text NOT NULL,
  `image` varchar(255) DEFAULT NULL,
  `author` varchar(255) NOT NULL,
  `likes` int(11) DEFAULT 0,
  `dislikes` int(11) DEFAULT 0
) ENGINE=InnoDB DEFAULT CHARSET=utf8mb4 COLLATE=utf8mb4_general_ci;

--
-- Dumping data for table `blogposts`
--

INSERT INTO `blogposts` (`postID`, `title`, `content`, `image`, `author`, `likes`, `dislikes`) VALUES
(4, 'Top 10 Must-See Concerts of the Year: Your TicketNow Guide', '<p>Lorem ipsum dolor sit amet, consectetur adipiscing elit. Sed tempor felis a turpis placerat, sit amet commodo purus gravida. Nullam id consectetur velit. Nullam dapibus nisl et arcu ultricies, vel placerat felis aliquet. Integer et justo vel magna ullamcorper vestibulum nec nec nulla. Sed eleifend sit amet velit nec dapibus.&nbsp;</p>\r\n<p>&nbsp;</p>\r\n<p>Pellentesque habitant morbi tristique senectus et netus et malesuada fames ac turpis egestas. Mauris ut tortor vitae velit fermentum consequat. Fusce ullamcorper lectus eu massa lacinia, ac efficitur ipsum ultricies. Nam in nisi nec arcu faucibus sagittis eget in nisi. Duis auctor dui quis turpis facilisis, eu posuere sem finibus.&nbsp;</p>\r\n<p>&nbsp;</p>\r\n<p>Vestibulum tristique enim id odio ultrices, id commodo nunc vulputate. Donec et urna vel ipsum pulvinar vehicula. Nam quis libero et urna vestibulum ultricies vel et dui. Integer consectetur, mauris a ultricies commodo, odio dui ultricies justo, vel convallis nulla ipsum vitae nisi. Sed id ipsum ut arcu convallis auctor. Sed in vestibulum tortor.</p>', 'BLOG PIC1.png', 'ProsePulse', 0, 0),
(5, 'Behind the Scenes: How Ticket Now Ensures Authenticity', '<p>Lorem ipsum dolor sit amet, consectetur adipiscing elit. Sed tempor felis a turpis placerat, sit amet commodo purus gravida. Nullam id consectetur velit. Nullam dapibus nisl et arcu ultricies, vel placerat felis aliquet. Integer et justo vel magna ullamcorper vestibulum nec nec nulla. Sed eleifend sit amet velit nec dapibus.&nbsp;</p>\r\n<p>&nbsp;</p>\r\n<p>Pellentesque habitant morbi tristique senectus et netus et malesuada fames ac turpis egestas. Mauris ut tortor vitae velit fermentum consequat. Fusce ullamcorper lectus eu massa lacinia, ac efficitur ipsum ultricies. Nam in nisi nec arcu faucibus sagittis eget in nisi. Duis auctor dui quis turpis facilisis, eu posuere sem finibus.&nbsp;</p>\r\n<p>&nbsp;</p>\r\n<p>Vestibulum tristique enim id odio ultrices, id commodo nunc vulputate. Donec et urna vel ipsum pulvinar vehicula. Nam quis libero et urna vestibulum ultricies vel et dui. Integer consectetur, mauris a ultricies commodo, odio dui ultricies justo, vel convallis nulla ipsum vitae nisi. Sed id ipsum ut arcu convallis auctor. Sed in vestibulum tortor.</p>', 'BLOG PIC2.jpg', 'WordWise', 0, 0),
(6, 'From Rock to Pop: Exploring the Diverse Music Scene on Ticket...', '<p>Lorem ipsum dolor sit amet, consectetur adipiscing elit. Sed tempor felis a turpis placerat, sit amet commodo purus gravida. Nullam id consectetur velit. Nullam dapibus nisl et arcu ultricies, vel placerat felis aliquet. Integer et justo vel magna ullamcorper vestibulum nec nec nulla. Sed eleifend sit amet velit nec dapibus.&nbsp;</p>\r\n<p>&nbsp;</p>\r\n<p>Pellentesque habitant morbi tristique senectus et netus et malesuada fames ac turpis egestas. Mauris ut tortor vitae velit fermentum consequat. Fusce ullamcorper lectus eu massa lacinia, ac efficitur ipsum ultricies. Nam in nisi nec arcu faucibus sagittis eget in nisi. Duis auctor dui quis turpis facilisis, eu posuere sem finibus.&nbsp;</p>\r\n<p>&nbsp;</p>\r\n<p>Vestibulum tristique enim id odio ultrices, id commodo nunc vulputate. Donec et urna vel ipsum pulvinar vehicula. Nam quis libero et urna vestibulum ultricies vel et dui. Integer consectetur, mauris a ultricies commodo, odio dui ultricies justo, vel convallis nulla ipsum vitae nisi. Sed id ipsum ut arcu convallis auctor. Sed in vestibulum tortor.</p>', 'BLOG PIC3.jpg', 'ScriptScribe', 0, 0),
(7, 'Concert-Goer Chronicles: Memorable Experiences Shared..', '<p>Lorem ipsum dolor sit amet, consectetur adipiscing elit. Sed tempor felis a turpis placerat, sit amet commodo purus gravida. Nullam id consectetur velit. Nullam dapibus nisl et arcu ultricies, vel placerat felis aliquet. Integer et justo vel magna ullamcorper vestibulum nec nec nulla. Sed eleifend sit amet velit nec dapibus.&nbsp;</p>\r\n<p>&nbsp;</p>\r\n<p>Pellentesque habitant morbi tristique senectus et netus et malesuada fames ac turpis egestas. Mauris ut tortor vitae velit fermentum consequat. Fusce ullamcorper lectus eu massa lacinia, ac efficitur ipsum ultricies. Nam in nisi nec arcu faucibus sagittis eget in nisi. Duis auctor dui quis turpis facilisis, eu posuere sem finibus.&nbsp;</p>\r\n<p>&nbsp;</p>\r\n<p>Vestibulum tristique enim id odio ultrices, id commodo nunc vulputate. Donec et urna vel ipsum pulvinar vehicula. Nam quis libero et urna vestibulum ultricies vel et dui. Integer consectetur, mauris a ultricies commodo, odio dui ultricies justo, vel convallis nulla ipsum vitae nisi. Sed id ipsum ut arcu convallis auctor. Sed in vestibulum tortor.</p>', 'BLOG PIC4.jpg', 'InkInsight', 0, 0),
(8, 'Exclusive Interviews: Meet the Artists Behind the Hottest Show..', '<p>Lorem ipsum dolor sit amet, consectetur adipiscing elit. Sed tempor felis a turpis placerat, sit amet commodo purus gravida. Nullam id consectetur velit. Nullam dapibus nisl et arcu ultricies, vel placerat felis aliquet. Integer et justo vel magna ullamcorper vestibulum nec nec nulla. Sed eleifend sit amet velit nec dapibus.&nbsp;</p>\r\n<p>&nbsp;</p>\r\n<p>Pellentesque habitant morbi tristique senectus et netus et malesuada fames ac turpis egestas. Mauris ut tortor vitae velit fermentum consequat. Fusce ullamcorper lectus eu massa lacinia, ac efficitur ipsum ultricies. Nam in nisi nec arcu faucibus sagittis eget in nisi. Duis auctor dui quis turpis facilisis, eu posuere sem finibus.&nbsp;</p>\r\n<p>&nbsp;</p>\r\n<p>Vestibulum tristique enim id odio ultrices, id commodo nunc vulputate. Donec et urna vel ipsum pulvinar vehicula. Nam quis libero et urna vestibulum ultricies vel et dui. Integer consectetur, mauris a ultricies commodo, odio dui ultricies justo, vel convallis nulla ipsum vitae nisi. Sed id ipsum ut arcu convallis auctor. Sed in vestibulum tortor.</p>', 'BLOG PIC5.jpg', 'VerbVoyage', 0, 0),
(9, 'Unlocking the Ultimate Concert Experience: Insider Tips from...', '<p>Lorem ipsum dolor sit amet, consectetur adipiscing elit. Sed tempor felis a turpis placerat, sit amet commodo purus gravida. Nullam id consectetur velit. Nullam dapibus nisl et arcu ultricies, vel placerat felis aliquet. Integer et justo vel magna ullamcorper vestibulum nec nec nulla. Sed eleifend sit amet velit nec dapibus.&nbsp;</p>\r\n<p>&nbsp;</p>\r\n<p>Pellentesque habitant morbi tristique senectus et netus et malesuada fames ac turpis egestas. Mauris ut tortor vitae velit fermentum consequat. Fusce ullamcorper lectus eu massa lacinia, ac efficitur ipsum ultricies. Nam in nisi nec arcu faucibus sagittis eget in nisi. Duis auctor dui quis turpis facilisis, eu posuere sem finibus.&nbsp;</p>\r\n<p>&nbsp;</p>\r\n<p>Vestibulum tristique enim id odio ultrices, id commodo nunc vulputate. Donec et urna vel ipsum pulvinar vehicula. Nam quis libero et urna vestibulum ultricies vel et dui. Integer consectetur, mauris a ultricies commodo, odio dui ultricies justo, vel convallis nulla ipsum vitae nisi. Sed id ipsum ut arcu convallis auctor. Sed in vestibulum tortor.</p>', 'BLOG PIC6.jpg', 'StoryCrafters', 0, 0),
(10, 'Stay in the Loop: The Latest News and Updates from Ticket..', '<p>Lorem ipsum dolor sit amet, consectetur adipiscing elit. Sed tempor felis a turpis placerat, sit amet commodo purus gravida. Nullam id consectetur velit. Nullam dapibus nisl et arcu ultricies, vel placerat felis aliquet. Integer et justo vel magna ullamcorper vestibulum nec nec nulla. Sed eleifend sit amet velit nec dapibus.&nbsp;</p>\r\n<p>&nbsp;</p>\r\n<p>Pellentesque habitant morbi tristique senectus et netus et malesuada fames ac turpis egestas. Mauris ut tortor vitae velit fermentum consequat. Fusce ullamcorper lectus eu massa lacinia, ac efficitur ipsum ultricies. Nam in nisi nec arcu faucibus sagittis eget in nisi. Duis auctor dui quis turpis facilisis, eu posuere sem finibus.&nbsp;</p>\r\n<p>&nbsp;</p>\r\n<p>Vestibulum tristique enim id odio ultrices, id commodo nunc vulputate. Donec et urna vel ipsum pulvinar vehicula. Nam quis libero et urna vestibulum ultricies vel et dui. Integer consectetur, mauris a ultricies commodo, odio dui ultricies justo, vel convallis nulla ipsum vitae nisi. Sed id ipsum ut arcu convallis auctor. Sed in vestibulum tortor.</p>', 'BLOG PIC7.png', 'NarrativeNest', 0, 0),
(11, 'The Ultimate Concert Survival Guide: Tips and Tricks from...', '<p>Lorem ipsum dolor sit amet, consectetur adipiscing elit. Sed tempor felis a turpis placerat, sit amet commodo purus gravida. Nullam id consectetur velit. Nullam dapibus nisl et arcu ultricies, vel placerat felis aliquet. Integer et justo vel magna ullamcorper vestibulum nec nec nulla. Sed eleifend sit amet velit nec dapibus.&nbsp;</p>\r\n<p>&nbsp;</p>\r\n<p>Pellentesque habitant morbi tristique senectus et netus et malesuada fames ac turpis egestas. Mauris ut tortor vitae velit fermentum consequat. Fusce ullamcorper lectus eu massa lacinia, ac efficitur ipsum ultricies. Nam in nisi nec arcu faucibus sagittis eget in nisi. Duis auctor dui quis turpis facilisis, eu posuere sem finibus.&nbsp;</p>\r\n<p>&nbsp;</p>\r\n<p>Vestibulum tristique enim id odio ultrices, id commodo nunc vulputate. Donec et urna vel ipsum pulvinar vehicula. Nam quis libero et urna vestibulum ultricies vel et dui. Integer consectetur, mauris a ultricies commodo, odio dui ultricies justo, vel convallis nulla ipsum vitae nisi. Sed id ipsum ut arcu convallis auctor. Sed in vestibulum tortor.</p>', 'BLOG PIC8.jpg', 'PenPalace', 0, 0),
(12, 'Behind the Scenes: How Ticket Now Ensures Authenticity', '<p>Lorem ipsum dolor sit amet, consectetur adipiscing elit. Sed tempor felis a turpis placerat, sit amet commodo purus gravida. Nullam id consectetur velit. Nullam dapibus nisl et arcu ultricies, vel placerat felis aliquet. Integer et justo vel magna ullamcorper vestibulum nec nec nulla. Sed eleifend sit amet velit nec dapibus.&nbsp;</p>\r\n<p>&nbsp;</p>\r\n<p>Pellentesque habitant morbi tristique senectus et netus et malesuada fames ac turpis egestas. Mauris ut tortor vitae velit fermentum consequat. Fusce ullamcorper lectus eu massa lacinia, ac efficitur ipsum ultricies. Nam in nisi nec arcu faucibus sagittis eget in nisi. Duis auctor dui quis turpis facilisis, eu posuere sem finibus.&nbsp;</p>\r\n<p>&nbsp;</p>\r\n<p>Vestibulum tristique enim id odio ultrices, id commodo nunc vulputate. Donec et urna vel ipsum pulvinar vehicula. Nam quis libero et urna vestibulum ultricies vel et dui. Integer consectetur, mauris a ultricies commodo, odio dui ultricies justo, vel convallis nulla ipsum vitae nisi. Sed id ipsum ut arcu convallis auctor. Sed in vestibulum tortor.</p>', 'BLOG PIC5.jpg', 'ScriptScribe', 0, 0);

-- --------------------------------------------------------

--
-- Table structure for table `concerts`
--

CREATE TABLE `concerts` (
  `concertID` int(11) NOT NULL,
  `concertName` varchar(255) NOT NULL,
  `artist` varchar(255) NOT NULL,
  `date` datetime NOT NULL,
  `venueID` int(11) DEFAULT NULL,
  `image` varchar(255) NOT NULL,
  `numberOfSeats` int(11) DEFAULT NULL,
  `ticketPrice` decimal(10,2) DEFAULT NULL,
  `seatPlanImage` varchar(255) NOT NULL
) ENGINE=InnoDB DEFAULT CHARSET=utf8mb4 COLLATE=utf8mb4_general_ci;

--
-- Dumping data for table `concerts`
--

INSERT INTO `concerts` (`concertID`, `concertName`, `artist`, `date`, `venueID`, `image`, `numberOfSeats`, `ticketPrice`, `seatPlanImage`) VALUES
(11, 'OUR ZONE SB19 Concert', 'SB19', '2024-04-26 20:00:00', 3, 'SB19 PSTR.jpg', 156, 1200.00, 'SEAT PLAN 156.png'),
(12, 'Braver Moira Concert', 'Moira Dela Torre', '2024-05-19 18:00:00', 3, 'Moira Braver PSTR.jpg', 178, 1200.00, 'SEAT PLAN 178.png'),
(13, 'Darren D10', 'Darren Espanto', '2024-06-23 19:30:00', 3, 'Darren D10 PSTR.jpg', 105, 1200.00, 'SEAT PLAN 105.png'),
(14, 'KUWADERNO BEN & BEN', 'BEN & BEN', '2024-07-14 19:30:00', 3, 'BEN & BEN PSTR.jpg', 156, 1200.00, 'SEAT PLAN 156.png'),
(15, 'BINIverse  First Solo Concert', 'BINI', '2024-08-20 17:30:00', 3, 'BINIverse PSTR.jpg', 156, 1200.00, 'SEAT PLAN 178.png'),
(16, 'KZ Xperience Concert', 'KZ Tandingan', '2024-09-13 19:00:00', 3, 'KZ Xperience PSTR.jpg', 156, 1200.00, 'SEAT PLAN 156.png'),
(17, 'SG20 2OTH ANNIVERSARY', 'Sarah Geronimo', '2024-10-25 18:50:00', 3, 'SG20 PSTR.jpg', 178, 1200.00, 'SEAT PLAN 178.png'),
(18, 'CUP OF JOE First Solo Concert', 'CUP OF JOE', '2024-04-20 18:30:00', 3, 'Cup Of Joe PSTR.jpg', 178, 1200.00, 'SEAT PLAN 156.png');

-- --------------------------------------------------------

--
-- Table structure for table `contactmessages`
--

CREATE TABLE `contactmessages` (
  `messageID` int(11) NOT NULL,
  `name` varchar(255) NOT NULL,
  `email` varchar(255) NOT NULL,
  `message` text NOT NULL,
  `category` varchar(50) NOT NULL DEFAULT 'Other',
  `created_at` timestamp NOT NULL DEFAULT current_timestamp()
) ENGINE=InnoDB DEFAULT CHARSET=utf8mb4 COLLATE=utf8mb4_general_ci;

--
-- Dumping data for table `contactmessages`
--

INSERT INTO `contactmessages` (`messageID`, `name`, `email`, `message`, `category`, `created_at`) VALUES
(2, 'Kiel', 'kiel.palaad@gmail.com', 'miss ko na melgie ko :<', 'General Feedback', '2024-04-20 09:07:33');

-- --------------------------------------------------------

--
-- Table structure for table `postlikes`
--

CREATE TABLE `postlikes` (
  `likeID` int(11) NOT NULL,
  `postID` int(11) NOT NULL,
  `userID` int(11) NOT NULL,
  `action` enum('like','dislike') NOT NULL
) ENGINE=InnoDB DEFAULT CHARSET=utf8mb4 COLLATE=utf8mb4_general_ci;

-- --------------------------------------------------------

--
-- Table structure for table `reservations`
--

CREATE TABLE `reservations` (
  `reservationID` int(11) NOT NULL,
  `userID` int(11) DEFAULT NULL,
  `concertID` int(11) DEFAULT NULL,
  `seatID` int(11) DEFAULT NULL,
  `numberOfTickets` int(11) DEFAULT NULL,
  `paymentMethod` varchar(50) NOT NULL,
  `totalPrice` decimal(10,2) NOT NULL
) ENGINE=InnoDB DEFAULT CHARSET=utf8mb4 COLLATE=utf8mb4_general_ci;

-- --------------------------------------------------------

--
-- Table structure for table `seats`
--

CREATE TABLE `seats` (
  `seatID` int(11) NOT NULL,
  `concertID` int(11) DEFAULT NULL,
  `seatNumber` int(11) DEFAULT NULL,
  `seatType` varchar(255) DEFAULT NULL,
  `ticketPrice` decimal(10,2) DEFAULT NULL,
  `totalTicketsAvailable` int(11) DEFAULT NULL,
  `availability` enum('available','reserved') NOT NULL
) ENGINE=InnoDB DEFAULT CHARSET=utf8mb4 COLLATE=utf8mb4_general_ci;

--
-- Dumping data for table `seats`
--

INSERT INTO `seats` (`seatID`, `concertID`, `seatNumber`, `seatType`, `ticketPrice`, `totalTicketsAvailable`, `availability`) VALUES
(1139, 11, 1, 'Regular', 1200.00, 156, 'available'),
(1140, 11, 2, 'Regular', 1200.00, 156, 'available'),
(1141, 11, 3, 'Regular', 1200.00, 156, 'available'),
(1142, 11, 4, 'Regular', 1200.00, 156, 'available'),
(1143, 11, 5, 'Regular', 1200.00, 156, 'available'),
(1144, 11, 6, 'Regular', 1200.00, 156, 'available'),
(1145, 11, 7, 'Regular', 1200.00, 156, 'available'),
(1146, 11, 8, 'Regular', 1200.00, 156, 'available'),
(1147, 11, 9, 'Regular', 1200.00, 156, 'available'),
(1148, 11, 10, 'Regular', 1200.00, 156, 'available'),
(1149, 11, 11, 'Regular', 1200.00, 156, 'available'),
(1150, 11, 12, 'Regular', 1200.00, 156, 'available'),
(1151, 11, 13, 'Regular', 1200.00, 156, 'available'),
(1152, 11, 14, 'Regular', 1200.00, 156, 'available'),
(1153, 11, 15, 'Regular', 1200.00, 156, 'available'),
(1154, 11, 16, 'Regular', 1200.00, 156, 'available'),
(1155, 11, 17, 'Regular', 1200.00, 156, 'available'),
(1156, 11, 18, 'Regular', 1200.00, 156, 'available'),
(1157, 11, 19, 'Regular', 1200.00, 156, 'available'),
(1158, 11, 20, 'Regular', 1200.00, 156, 'available'),
(1159, 11, 21, 'Regular', 1200.00, 156, 'available'),
(1160, 11, 22, 'Regular', 1200.00, 156, 'available'),
(1161, 11, 23, 'Regular', 1200.00, 156, 'available'),
(1162, 11, 24, 'Regular', 1200.00, 156, 'available'),
(1163, 11, 25, 'Regular', 1200.00, 156, 'available'),
(1164, 11, 26, 'Regular', 1200.00, 156, 'available'),
(1165, 11, 27, 'Regular', 1200.00, 156, 'available'),
(1166, 11, 28, 'Regular', 1200.00, 156, 'available'),
(1167, 11, 29, 'Regular', 1200.00, 156, 'available'),
(1168, 11, 30, 'Regular', 1200.00, 156, 'available'),
(1169, 11, 31, 'Regular', 1200.00, 156, 'available'),
(1170, 11, 32, 'Regular', 1200.00, 156, 'available'),
(1171, 11, 33, 'Regular', 1200.00, 156, 'available'),
(1172, 11, 34, 'Regular', 1200.00, 156, 'available'),
(1173, 11, 35, 'Regular', 1200.00, 156, 'available'),
(1174, 11, 36, 'Regular', 1200.00, 156, 'available'),
(1175, 11, 37, 'Regular', 1200.00, 156, 'available'),
(1176, 11, 38, 'Regular', 1200.00, 156, 'available'),
(1177, 11, 39, 'Regular', 1200.00, 156, 'available'),
(1178, 11, 40, 'Regular', 1200.00, 156, 'available'),
(1179, 11, 41, 'Regular', 1200.00, 156, 'available'),
(1180, 11, 42, 'Regular', 1200.00, 156, 'available'),
(1181, 11, 43, 'Regular', 1200.00, 156, 'available'),
(1182, 11, 44, 'Regular', 1200.00, 156, 'available'),
(1183, 11, 45, 'Regular', 1200.00, 156, 'available'),
(1184, 11, 46, 'Regular', 1200.00, 156, 'available'),
(1185, 11, 47, 'Regular', 1200.00, 156, 'available'),
(1186, 11, 48, 'Regular', 1200.00, 156, 'available'),
(1187, 11, 49, 'Regular', 1200.00, 156, 'available'),
(1188, 11, 50, 'Regular', 1200.00, 156, 'available'),
(1189, 11, 51, 'Regular', 1200.00, 156, 'available'),
(1190, 11, 52, 'Regular', 1200.00, 156, 'available'),
(1191, 11, 53, 'Regular', 1200.00, 156, 'available'),
(1192, 11, 54, 'Regular', 1200.00, 156, 'available'),
(1193, 11, 55, 'Regular', 1200.00, 156, 'available'),
(1194, 11, 56, 'Regular', 1200.00, 156, 'available'),
(1195, 11, 57, 'Regular', 1200.00, 156, 'available'),
(1196, 11, 58, 'Regular', 1200.00, 156, 'available'),
(1197, 11, 59, 'Regular', 1200.00, 156, 'available'),
(1198, 11, 60, 'Regular', 1200.00, 156, 'available'),
(1199, 11, 61, 'Regular', 1200.00, 156, 'available'),
(1200, 11, 62, 'Regular', 1200.00, 156, 'available'),
(1201, 11, 63, 'Regular', 1200.00, 156, 'available'),
(1202, 11, 64, 'Regular', 1200.00, 156, 'available'),
(1203, 11, 65, 'Regular', 1200.00, 156, 'available'),
(1204, 11, 66, 'Regular', 1200.00, 156, 'available'),
(1205, 11, 67, 'Regular', 1200.00, 156, 'available'),
(1206, 11, 68, 'Regular', 1200.00, 156, 'available'),
(1207, 11, 69, 'Regular', 1200.00, 156, 'available'),
(1208, 11, 70, 'Regular', 1200.00, 156, 'available'),
(1209, 11, 71, 'Regular', 1200.00, 156, 'available'),
(1210, 11, 72, 'Regular', 1200.00, 156, 'available'),
(1211, 11, 73, 'Regular', 1200.00, 156, 'available'),
(1212, 11, 74, 'Regular', 1200.00, 156, 'available'),
(1213, 11, 75, 'Regular', 1200.00, 156, 'available'),
(1214, 11, 76, 'Regular', 1200.00, 156, 'available'),
(1215, 11, 77, 'Regular', 1200.00, 156, 'available'),
(1216, 11, 78, 'Regular', 1200.00, 156, 'available'),
(1217, 11, 79, 'Regular', 1200.00, 156, 'available'),
(1218, 11, 80, 'Regular', 1200.00, 156, 'available'),
(1219, 11, 81, 'Regular', 1200.00, 156, 'available'),
(1220, 11, 82, 'Regular', 1200.00, 156, 'available'),
(1221, 11, 83, 'Regular', 1200.00, 156, 'available'),
(1222, 11, 84, 'Regular', 1200.00, 156, 'available'),
(1223, 11, 85, 'Regular', 1200.00, 156, 'available'),
(1224, 11, 86, 'Regular', 1200.00, 156, 'available'),
(1225, 11, 87, 'Regular', 1200.00, 156, 'available'),
(1226, 11, 88, 'Regular', 1200.00, 156, 'available'),
(1227, 11, 89, 'Regular', 1200.00, 156, 'available'),
(1228, 11, 90, 'Regular', 1200.00, 156, 'available'),
(1229, 11, 91, 'Regular', 1200.00, 156, 'available'),
(1230, 11, 92, 'Regular', 1200.00, 156, 'available'),
(1231, 11, 93, 'Regular', 1200.00, 156, 'available'),
(1232, 11, 94, 'Regular', 1200.00, 156, 'available'),
(1233, 11, 95, 'Regular', 1200.00, 156, 'available'),
(1234, 11, 96, 'Regular', 1200.00, 156, 'available'),
(1235, 11, 97, 'Regular', 1200.00, 156, 'available'),
(1236, 11, 98, 'Regular', 1200.00, 156, 'available'),
(1237, 11, 99, 'Regular', 1200.00, 156, 'available'),
(1238, 11, 100, 'Regular', 1200.00, 156, 'available'),
(1239, 11, 101, 'Regular', 1200.00, 156, 'available'),
(1240, 11, 102, 'Regular', 1200.00, 156, 'available'),
(1241, 11, 103, 'Regular', 1200.00, 156, 'available'),
(1242, 11, 104, 'Regular', 1200.00, 156, 'available'),
(1243, 11, 105, 'Regular', 1200.00, 156, 'available'),
(1244, 11, 106, 'Regular', 1200.00, 156, 'available'),
(1245, 11, 107, 'Regular', 1200.00, 156, 'available'),
(1246, 11, 108, 'Regular', 1200.00, 156, 'available'),
(1247, 11, 109, 'Regular', 1200.00, 156, 'available'),
(1248, 11, 110, 'Regular', 1200.00, 156, 'available'),
(1249, 11, 111, 'Regular', 1200.00, 156, 'available'),
(1250, 11, 112, 'Regular', 1200.00, 156, 'available'),
(1251, 11, 113, 'Regular', 1200.00, 156, 'available'),
(1252, 11, 114, 'Regular', 1200.00, 156, 'available'),
(1253, 11, 115, 'Regular', 1200.00, 156, 'available'),
(1254, 11, 116, 'Regular', 1200.00, 156, 'available'),
(1255, 11, 117, 'Regular', 1200.00, 156, 'available'),
(1256, 11, 118, 'Regular', 1200.00, 156, 'available'),
(1257, 11, 119, 'Regular', 1200.00, 156, 'available'),
(1258, 11, 120, 'Regular', 1200.00, 156, 'available'),
(1259, 11, 121, 'Regular', 1200.00, 156, 'available'),
(1260, 11, 122, 'Regular', 1200.00, 156, 'available'),
(1261, 11, 123, 'Regular', 1200.00, 156, 'available'),
(1262, 11, 124, 'Regular', 1200.00, 156, 'available'),
(1263, 11, 125, 'Regular', 1200.00, 156, 'available'),
(1264, 11, 126, 'Regular', 1200.00, 156, 'available'),
(1265, 11, 127, 'Regular', 1200.00, 156, 'available'),
(1266, 11, 128, 'Regular', 1200.00, 156, 'available'),
(1267, 11, 129, 'Regular', 1200.00, 156, 'available'),
(1268, 11, 130, 'Regular', 1200.00, 156, 'available'),
(1269, 11, 131, 'Regular', 1200.00, 156, 'available'),
(1270, 11, 132, 'Regular', 1200.00, 156, 'available'),
(1271, 11, 133, 'Regular', 1200.00, 156, 'available'),
(1272, 11, 134, 'Regular', 1200.00, 156, 'available'),
(1273, 11, 135, 'Regular', 1200.00, 156, 'available'),
(1274, 11, 136, 'Regular', 1200.00, 156, 'available'),
(1275, 11, 137, 'Regular', 1200.00, 156, 'available'),
(1276, 11, 138, 'Regular', 1200.00, 156, 'available'),
(1277, 11, 139, 'Regular', 1200.00, 156, 'available'),
(1278, 11, 140, 'Regular', 1200.00, 156, 'available'),
(1279, 11, 141, 'Regular', 1200.00, 156, 'available'),
(1280, 11, 142, 'Regular', 1200.00, 156, 'available'),
(1281, 11, 143, 'Regular', 1200.00, 156, 'available'),
(1282, 11, 144, 'Regular', 1200.00, 156, 'available'),
(1283, 11, 145, 'Regular', 1200.00, 156, 'available'),
(1284, 11, 146, 'Regular', 1200.00, 156, 'available'),
(1285, 11, 147, 'Regular', 1200.00, 156, 'available'),
(1286, 11, 148, 'Regular', 1200.00, 156, 'available'),
(1287, 11, 149, 'Regular', 1200.00, 156, 'available'),
(1288, 11, 150, 'Regular', 1200.00, 156, 'available'),
(1289, 11, 151, 'Regular', 1200.00, 156, 'available'),
(1290, 11, 152, 'Regular', 1200.00, 156, 'available'),
(1291, 11, 153, 'Regular', 1200.00, 156, 'available'),
(1292, 11, 154, 'Regular', 1200.00, 156, 'available'),
(1293, 11, 155, 'Regular', 1200.00, 156, 'available'),
(1294, 11, 156, 'Regular', 1200.00, 156, 'available'),
(1295, 12, 1, 'Regular', 1200.00, 178, 'available'),
(1296, 12, 2, 'Regular', 1200.00, 178, 'available'),
(1297, 12, 3, 'Regular', 1200.00, 178, 'available'),
(1298, 12, 4, 'Regular', 1200.00, 178, 'available'),
(1299, 12, 5, 'Regular', 1200.00, 178, 'available'),
(1300, 12, 6, 'Regular', 1200.00, 178, 'available'),
(1301, 12, 7, 'Regular', 1200.00, 178, 'available'),
(1302, 12, 8, 'Regular', 1200.00, 178, 'available'),
(1303, 12, 9, 'Regular', 1200.00, 178, 'available'),
(1304, 12, 10, 'Regular', 1200.00, 178, 'available'),
(1305, 12, 11, 'Regular', 1200.00, 178, 'available'),
(1306, 12, 12, 'Regular', 1200.00, 178, 'available'),
(1307, 12, 13, 'Regular', 1200.00, 178, 'available'),
(1308, 12, 14, 'Regular', 1200.00, 178, 'available'),
(1309, 12, 15, 'Regular', 1200.00, 178, 'available'),
(1310, 12, 16, 'Regular', 1200.00, 178, 'available'),
(1311, 12, 17, 'Regular', 1200.00, 178, 'available'),
(1312, 12, 18, 'Regular', 1200.00, 178, 'available'),
(1313, 12, 19, 'Regular', 1200.00, 178, 'available'),
(1314, 12, 20, 'Regular', 1200.00, 178, 'available'),
(1315, 12, 21, 'Regular', 1200.00, 178, 'available'),
(1316, 12, 22, 'Regular', 1200.00, 178, 'available'),
(1317, 12, 23, 'Regular', 1200.00, 178, 'available'),
(1318, 12, 24, 'Regular', 1200.00, 178, 'available'),
(1319, 12, 25, 'Regular', 1200.00, 178, 'available'),
(1320, 12, 26, 'Regular', 1200.00, 178, 'available'),
(1321, 12, 27, 'Regular', 1200.00, 178, 'available'),
(1322, 12, 28, 'Regular', 1200.00, 178, 'available'),
(1323, 12, 29, 'Regular', 1200.00, 178, 'available'),
(1324, 12, 30, 'Regular', 1200.00, 178, 'available'),
(1325, 12, 31, 'Regular', 1200.00, 178, 'available'),
(1326, 12, 32, 'Regular', 1200.00, 178, 'available'),
(1327, 12, 33, 'Regular', 1200.00, 178, 'available'),
(1328, 12, 34, 'Regular', 1200.00, 178, 'available'),
(1329, 12, 35, 'Regular', 1200.00, 178, 'available'),
(1330, 12, 36, 'Regular', 1200.00, 178, 'available'),
(1331, 12, 37, 'Regular', 1200.00, 178, 'available'),
(1332, 12, 38, 'Regular', 1200.00, 178, 'available'),
(1333, 12, 39, 'Regular', 1200.00, 178, 'available'),
(1334, 12, 40, 'Regular', 1200.00, 178, 'available'),
(1335, 12, 41, 'Regular', 1200.00, 178, 'available'),
(1336, 12, 42, 'Regular', 1200.00, 178, 'available'),
(1337, 12, 43, 'Regular', 1200.00, 178, 'available'),
(1338, 12, 44, 'Regular', 1200.00, 178, 'available'),
(1339, 12, 45, 'Regular', 1200.00, 178, 'available'),
(1340, 12, 46, 'Regular', 1200.00, 178, 'available'),
(1341, 12, 47, 'Regular', 1200.00, 178, 'available'),
(1342, 12, 48, 'Regular', 1200.00, 178, 'available'),
(1343, 12, 49, 'Regular', 1200.00, 178, 'available'),
(1344, 12, 50, 'Regular', 1200.00, 178, 'available'),
(1345, 12, 51, 'Regular', 1200.00, 178, 'available'),
(1346, 12, 52, 'Regular', 1200.00, 178, 'available'),
(1347, 12, 53, 'Regular', 1200.00, 178, 'available'),
(1348, 12, 54, 'Regular', 1200.00, 178, 'available'),
(1349, 12, 55, 'Regular', 1200.00, 178, 'available'),
(1350, 12, 56, 'Regular', 1200.00, 178, 'available'),
(1351, 12, 57, 'Regular', 1200.00, 178, 'available'),
(1352, 12, 58, 'Regular', 1200.00, 178, 'available'),
(1353, 12, 59, 'Regular', 1200.00, 178, 'available'),
(1354, 12, 60, 'Regular', 1200.00, 178, 'available'),
(1355, 12, 61, 'Regular', 1200.00, 178, 'available'),
(1356, 12, 62, 'Regular', 1200.00, 178, 'available'),
(1357, 12, 63, 'Regular', 1200.00, 178, 'available'),
(1358, 12, 64, 'Regular', 1200.00, 178, 'available'),
(1359, 12, 65, 'Regular', 1200.00, 178, 'available'),
(1360, 12, 66, 'Regular', 1200.00, 178, 'available'),
(1361, 12, 67, 'Regular', 1200.00, 178, 'available'),
(1362, 12, 68, 'Regular', 1200.00, 178, 'available'),
(1363, 12, 69, 'Regular', 1200.00, 178, 'available'),
(1364, 12, 70, 'Regular', 1200.00, 178, 'available'),
(1365, 12, 71, 'Regular', 1200.00, 178, 'available'),
(1366, 12, 72, 'Regular', 1200.00, 178, 'available'),
(1367, 12, 73, 'Regular', 1200.00, 178, 'available'),
(1368, 12, 74, 'Regular', 1200.00, 178, 'available'),
(1369, 12, 75, 'Regular', 1200.00, 178, 'available'),
(1370, 12, 76, 'Regular', 1200.00, 178, 'available'),
(1371, 12, 77, 'Regular', 1200.00, 178, 'available'),
(1372, 12, 78, 'Regular', 1200.00, 178, 'available'),
(1373, 12, 79, 'Regular', 1200.00, 178, 'available'),
(1374, 12, 80, 'Regular', 1200.00, 178, 'available'),
(1375, 12, 81, 'Regular', 1200.00, 178, 'available'),
(1376, 12, 82, 'Regular', 1200.00, 178, 'available'),
(1377, 12, 83, 'Regular', 1200.00, 178, 'available'),
(1378, 12, 84, 'Regular', 1200.00, 178, 'available'),
(1379, 12, 85, 'Regular', 1200.00, 178, 'available'),
(1380, 12, 86, 'Regular', 1200.00, 178, 'available'),
(1381, 12, 87, 'Regular', 1200.00, 178, 'available'),
(1382, 12, 88, 'Regular', 1200.00, 178, 'available'),
(1383, 12, 89, 'Regular', 1200.00, 178, 'available'),
(1384, 12, 90, 'Regular', 1200.00, 178, 'available'),
(1385, 12, 91, 'Regular', 1200.00, 178, 'available'),
(1386, 12, 92, 'Regular', 1200.00, 178, 'available'),
(1387, 12, 93, 'Regular', 1200.00, 178, 'available'),
(1388, 12, 94, 'Regular', 1200.00, 178, 'available'),
(1389, 12, 95, 'Regular', 1200.00, 178, 'available'),
(1390, 12, 96, 'Regular', 1200.00, 178, 'available'),
(1391, 12, 97, 'Regular', 1200.00, 178, 'available'),
(1392, 12, 98, 'Regular', 1200.00, 178, 'available'),
(1393, 12, 99, 'Regular', 1200.00, 178, 'available'),
(1394, 12, 100, 'Regular', 1200.00, 178, 'available'),
(1395, 12, 101, 'Regular', 1200.00, 178, 'available'),
(1396, 12, 102, 'Regular', 1200.00, 178, 'available'),
(1397, 12, 103, 'Regular', 1200.00, 178, 'available'),
(1398, 12, 104, 'Regular', 1200.00, 178, 'available'),
(1399, 12, 105, 'Regular', 1200.00, 178, 'available'),
(1400, 12, 106, 'Regular', 1200.00, 178, 'available'),
(1401, 12, 107, 'Regular', 1200.00, 178, 'available'),
(1402, 12, 108, 'Regular', 1200.00, 178, 'available'),
(1403, 12, 109, 'Regular', 1200.00, 178, 'available'),
(1404, 12, 110, 'Regular', 1200.00, 178, 'available'),
(1405, 12, 111, 'Regular', 1200.00, 178, 'available'),
(1406, 12, 112, 'Regular', 1200.00, 178, 'available'),
(1407, 12, 113, 'Regular', 1200.00, 178, 'available'),
(1408, 12, 114, 'Regular', 1200.00, 178, 'available'),
(1409, 12, 115, 'Regular', 1200.00, 178, 'available'),
(1410, 12, 116, 'Regular', 1200.00, 178, 'available'),
(1411, 12, 117, 'Regular', 1200.00, 178, 'available'),
(1412, 12, 118, 'Regular', 1200.00, 178, 'available'),
(1413, 12, 119, 'Regular', 1200.00, 178, 'available'),
(1414, 12, 120, 'Regular', 1200.00, 178, 'available'),
(1415, 12, 121, 'Regular', 1200.00, 178, 'available'),
(1416, 12, 122, 'Regular', 1200.00, 178, 'available'),
(1417, 12, 123, 'Regular', 1200.00, 178, 'available'),
(1418, 12, 124, 'Regular', 1200.00, 178, 'available'),
(1419, 12, 125, 'Regular', 1200.00, 178, 'available'),
(1420, 12, 126, 'Regular', 1200.00, 178, 'available'),
(1421, 12, 127, 'Regular', 1200.00, 178, 'available'),
(1422, 12, 128, 'Regular', 1200.00, 178, 'available'),
(1423, 12, 129, 'Regular', 1200.00, 178, 'available'),
(1424, 12, 130, 'Regular', 1200.00, 178, 'available'),
(1425, 12, 131, 'Regular', 1200.00, 178, 'available'),
(1426, 12, 132, 'Regular', 1200.00, 178, 'available'),
(1427, 12, 133, 'Regular', 1200.00, 178, 'available'),
(1428, 12, 134, 'Regular', 1200.00, 178, 'available'),
(1429, 12, 135, 'Regular', 1200.00, 178, 'available'),
(1430, 12, 136, 'Regular', 1200.00, 178, 'available'),
(1431, 12, 137, 'Regular', 1200.00, 178, 'available'),
(1432, 12, 138, 'Regular', 1200.00, 178, 'available'),
(1433, 12, 139, 'Regular', 1200.00, 178, 'available'),
(1434, 12, 140, 'Regular', 1200.00, 178, 'available'),
(1435, 12, 141, 'Regular', 1200.00, 178, 'available'),
(1436, 12, 142, 'Regular', 1200.00, 178, 'available'),
(1437, 12, 143, 'Regular', 1200.00, 178, 'available'),
(1438, 12, 144, 'Regular', 1200.00, 178, 'available'),
(1439, 12, 145, 'Regular', 1200.00, 178, 'available'),
(1440, 12, 146, 'Regular', 1200.00, 178, 'available'),
(1441, 12, 147, 'Regular', 1200.00, 178, 'available'),
(1442, 12, 148, 'Regular', 1200.00, 178, 'available'),
(1443, 12, 149, 'Regular', 1200.00, 178, 'available'),
(1444, 12, 150, 'Regular', 1200.00, 178, 'available'),
(1445, 12, 151, 'Regular', 1200.00, 178, 'available'),
(1446, 12, 152, 'Regular', 1200.00, 178, 'available'),
(1447, 12, 153, 'Regular', 1200.00, 178, 'available'),
(1448, 12, 154, 'Regular', 1200.00, 178, 'available'),
(1449, 12, 155, 'Regular', 1200.00, 178, 'available'),
(1450, 12, 156, 'Regular', 1200.00, 178, 'available'),
(1451, 12, 157, 'Regular', 1200.00, 178, 'available'),
(1452, 12, 158, 'Regular', 1200.00, 178, 'available'),
(1453, 12, 159, 'Regular', 1200.00, 178, 'available'),
(1454, 12, 160, 'Regular', 1200.00, 178, 'available'),
(1455, 12, 161, 'Regular', 1200.00, 178, 'available'),
(1456, 12, 162, 'Regular', 1200.00, 178, 'available'),
(1457, 12, 163, 'Regular', 1200.00, 178, 'available'),
(1458, 12, 164, 'Regular', 1200.00, 178, 'available'),
(1459, 12, 165, 'Regular', 1200.00, 178, 'available'),
(1460, 12, 166, 'Regular', 1200.00, 178, 'available'),
(1461, 12, 167, 'Regular', 1200.00, 178, 'available'),
(1462, 12, 168, 'Regular', 1200.00, 178, 'available'),
(1463, 12, 169, 'Regular', 1200.00, 178, 'available'),
(1464, 12, 170, 'Regular', 1200.00, 178, 'available'),
(1465, 12, 171, 'Regular', 1200.00, 178, 'available'),
(1466, 12, 172, 'Regular', 1200.00, 178, 'available'),
(1467, 12, 173, 'Regular', 1200.00, 178, 'available'),
(1468, 12, 174, 'Regular', 1200.00, 178, 'available'),
(1469, 12, 175, 'Regular', 1200.00, 178, 'available'),
(1470, 12, 176, 'Regular', 1200.00, 178, 'available'),
(1471, 12, 177, 'Regular', 1200.00, 178, 'available'),
(1472, 12, 178, 'Regular', 1200.00, 178, 'available'),
(1473, 13, 1, 'Regular', 1200.00, 105, 'available'),
(1474, 13, 2, 'Regular', 1200.00, 105, 'available'),
(1475, 13, 3, 'Regular', 1200.00, 105, 'available'),
(1476, 13, 4, 'Regular', 1200.00, 105, 'available'),
(1477, 13, 5, 'Regular', 1200.00, 105, 'available'),
(1478, 13, 6, 'Regular', 1200.00, 105, 'available'),
(1479, 13, 7, 'Regular', 1200.00, 105, 'available'),
(1480, 13, 8, 'Regular', 1200.00, 105, 'available'),
(1481, 13, 9, 'Regular', 1200.00, 105, 'available'),
(1482, 13, 10, 'Regular', 1200.00, 105, 'available'),
(1483, 13, 11, 'Regular', 1200.00, 105, 'available'),
(1484, 13, 12, 'Regular', 1200.00, 105, 'available'),
(1485, 13, 13, 'Regular', 1200.00, 105, 'available'),
(1486, 13, 14, 'Regular', 1200.00, 105, 'available'),
(1487, 13, 15, 'Regular', 1200.00, 105, 'available'),
(1488, 13, 16, 'Regular', 1200.00, 105, 'available'),
(1489, 13, 17, 'Regular', 1200.00, 105, 'available'),
(1490, 13, 18, 'Regular', 1200.00, 105, 'available'),
(1491, 13, 19, 'Regular', 1200.00, 105, 'available'),
(1492, 13, 20, 'Regular', 1200.00, 105, 'available'),
(1493, 13, 21, 'Regular', 1200.00, 105, 'available'),
(1494, 13, 22, 'Regular', 1200.00, 105, 'available'),
(1495, 13, 23, 'Regular', 1200.00, 105, 'available'),
(1496, 13, 24, 'Regular', 1200.00, 105, 'available'),
(1497, 13, 25, 'Regular', 1200.00, 105, 'available'),
(1498, 13, 26, 'Regular', 1200.00, 105, 'available'),
(1499, 13, 27, 'Regular', 1200.00, 105, 'available'),
(1500, 13, 28, 'Regular', 1200.00, 105, 'available'),
(1501, 13, 29, 'Regular', 1200.00, 105, 'available'),
(1502, 13, 30, 'Regular', 1200.00, 105, 'available'),
(1503, 13, 31, 'Regular', 1200.00, 105, 'available'),
(1504, 13, 32, 'Regular', 1200.00, 105, 'available'),
(1505, 13, 33, 'Regular', 1200.00, 105, 'available'),
(1506, 13, 34, 'Regular', 1200.00, 105, 'available'),
(1507, 13, 35, 'Regular', 1200.00, 105, 'available'),
(1508, 13, 36, 'Regular', 1200.00, 105, 'available'),
(1509, 13, 37, 'Regular', 1200.00, 105, 'available'),
(1510, 13, 38, 'Regular', 1200.00, 105, 'available'),
(1511, 13, 39, 'Regular', 1200.00, 105, 'available'),
(1512, 13, 40, 'Regular', 1200.00, 105, 'available'),
(1513, 13, 41, 'Regular', 1200.00, 105, 'available'),
(1514, 13, 42, 'Regular', 1200.00, 105, 'available'),
(1515, 13, 43, 'Regular', 1200.00, 105, 'available'),
(1516, 13, 44, 'Regular', 1200.00, 105, 'available'),
(1517, 13, 45, 'Regular', 1200.00, 105, 'available'),
(1518, 13, 46, 'Regular', 1200.00, 105, 'available'),
(1519, 13, 47, 'Regular', 1200.00, 105, 'available'),
(1520, 13, 48, 'Regular', 1200.00, 105, 'available'),
(1521, 13, 49, 'Regular', 1200.00, 105, 'available'),
(1522, 13, 50, 'Regular', 1200.00, 105, 'available'),
(1523, 13, 51, 'Regular', 1200.00, 105, 'available'),
(1524, 13, 52, 'Regular', 1200.00, 105, 'available'),
(1525, 13, 53, 'Regular', 1200.00, 105, 'available'),
(1526, 13, 54, 'Regular', 1200.00, 105, 'available'),
(1527, 13, 55, 'Regular', 1200.00, 105, 'available'),
(1528, 13, 56, 'Regular', 1200.00, 105, 'available'),
(1529, 13, 57, 'Regular', 1200.00, 105, 'available'),
(1530, 13, 58, 'Regular', 1200.00, 105, 'available'),
(1531, 13, 59, 'Regular', 1200.00, 105, 'available'),
(1532, 13, 60, 'Regular', 1200.00, 105, 'available'),
(1533, 13, 61, 'Regular', 1200.00, 105, 'available'),
(1534, 13, 62, 'Regular', 1200.00, 105, 'available'),
(1535, 13, 63, 'Regular', 1200.00, 105, 'available'),
(1536, 13, 64, 'Regular', 1200.00, 105, 'available'),
(1537, 13, 65, 'Regular', 1200.00, 105, 'available'),
(1538, 13, 66, 'Regular', 1200.00, 105, 'available'),
(1539, 13, 67, 'Regular', 1200.00, 105, 'available'),
(1540, 13, 68, 'Regular', 1200.00, 105, 'available'),
(1541, 13, 69, 'Regular', 1200.00, 105, 'available'),
(1542, 13, 70, 'Regular', 1200.00, 105, 'available'),
(1543, 13, 71, 'Regular', 1200.00, 105, 'available'),
(1544, 13, 72, 'Regular', 1200.00, 105, 'available'),
(1545, 13, 73, 'Regular', 1200.00, 105, 'available'),
(1546, 13, 74, 'Regular', 1200.00, 105, 'available'),
(1547, 13, 75, 'Regular', 1200.00, 105, 'available'),
(1548, 13, 76, 'Regular', 1200.00, 105, 'available'),
(1549, 13, 77, 'Regular', 1200.00, 105, 'available'),
(1550, 13, 78, 'Regular', 1200.00, 105, 'available'),
(1551, 13, 79, 'Regular', 1200.00, 105, 'available'),
(1552, 13, 80, 'Regular', 1200.00, 105, 'available'),
(1553, 13, 81, 'Regular', 1200.00, 105, 'available'),
(1554, 13, 82, 'Regular', 1200.00, 105, 'available'),
(1555, 13, 83, 'Regular', 1200.00, 105, 'available'),
(1556, 13, 84, 'Regular', 1200.00, 105, 'available'),
(1557, 13, 85, 'Regular', 1200.00, 105, 'available'),
(1558, 13, 86, 'Regular', 1200.00, 105, 'available'),
(1559, 13, 87, 'Regular', 1200.00, 105, 'available'),
(1560, 13, 88, 'Regular', 1200.00, 105, 'available'),
(1561, 13, 89, 'Regular', 1200.00, 105, 'available'),
(1562, 13, 90, 'Regular', 1200.00, 105, 'available'),
(1563, 13, 91, 'Regular', 1200.00, 105, 'available'),
(1564, 13, 92, 'Regular', 1200.00, 105, 'available'),
(1565, 13, 93, 'Regular', 1200.00, 105, 'available'),
(1566, 13, 94, 'Regular', 1200.00, 105, 'available'),
(1567, 13, 95, 'Regular', 1200.00, 105, 'available'),
(1568, 13, 96, 'Regular', 1200.00, 105, 'available'),
(1569, 13, 97, 'Regular', 1200.00, 105, 'available'),
(1570, 13, 98, 'Regular', 1200.00, 105, 'available'),
(1571, 13, 99, 'Regular', 1200.00, 105, 'available'),
(1572, 13, 100, 'Regular', 1200.00, 105, 'available'),
(1573, 13, 101, 'Regular', 1200.00, 105, 'available'),
(1574, 13, 102, 'Regular', 1200.00, 105, 'available'),
(1575, 13, 103, 'Regular', 1200.00, 105, 'available'),
(1576, 13, 104, 'Regular', 1200.00, 105, 'available'),
(1577, 13, 105, 'Regular', 1200.00, 105, 'available'),
(1578, 14, 1, 'Regular', 1200.00, 156, 'available'),
(1579, 14, 2, 'Regular', 1200.00, 156, 'available'),
(1580, 14, 3, 'Regular', 1200.00, 156, 'available'),
(1581, 14, 4, 'Regular', 1200.00, 156, 'available'),
(1582, 14, 5, 'Regular', 1200.00, 156, 'available'),
(1583, 14, 6, 'Regular', 1200.00, 156, 'available'),
(1584, 14, 7, 'Regular', 1200.00, 156, 'available'),
(1585, 14, 8, 'Regular', 1200.00, 156, 'available'),
(1586, 14, 9, 'Regular', 1200.00, 156, 'available'),
(1587, 14, 10, 'Regular', 1200.00, 156, 'available'),
(1588, 14, 11, 'Regular', 1200.00, 156, 'available'),
(1589, 14, 12, 'Regular', 1200.00, 156, 'available'),
(1590, 14, 13, 'Regular', 1200.00, 156, 'available'),
(1591, 14, 14, 'Regular', 1200.00, 156, 'available'),
(1592, 14, 15, 'Regular', 1200.00, 156, 'available'),
(1593, 14, 16, 'Regular', 1200.00, 156, 'available'),
(1594, 14, 17, 'Regular', 1200.00, 156, 'available'),
(1595, 14, 18, 'Regular', 1200.00, 156, 'available'),
(1596, 14, 19, 'Regular', 1200.00, 156, 'available'),
(1597, 14, 20, 'Regular', 1200.00, 156, 'available'),
(1598, 14, 21, 'Regular', 1200.00, 156, 'available'),
(1599, 14, 22, 'Regular', 1200.00, 156, 'available'),
(1600, 14, 23, 'Regular', 1200.00, 156, 'available'),
(1601, 14, 24, 'Regular', 1200.00, 156, 'available'),
(1602, 14, 25, 'Regular', 1200.00, 156, 'available'),
(1603, 14, 26, 'Regular', 1200.00, 156, 'available'),
(1604, 14, 27, 'Regular', 1200.00, 156, 'available'),
(1605, 14, 28, 'Regular', 1200.00, 156, 'available'),
(1606, 14, 29, 'Regular', 1200.00, 156, 'available'),
(1607, 14, 30, 'Regular', 1200.00, 156, 'available'),
(1608, 14, 31, 'Regular', 1200.00, 156, 'available'),
(1609, 14, 32, 'Regular', 1200.00, 156, 'available'),
(1610, 14, 33, 'Regular', 1200.00, 156, 'available'),
(1611, 14, 34, 'Regular', 1200.00, 156, 'available'),
(1612, 14, 35, 'Regular', 1200.00, 156, 'available'),
(1613, 14, 36, 'Regular', 1200.00, 156, 'available'),
(1614, 14, 37, 'Regular', 1200.00, 156, 'available'),
(1615, 14, 38, 'Regular', 1200.00, 156, 'available'),
(1616, 14, 39, 'Regular', 1200.00, 156, 'available'),
(1617, 14, 40, 'Regular', 1200.00, 156, 'available'),
(1618, 14, 41, 'Regular', 1200.00, 156, 'available'),
(1619, 14, 42, 'Regular', 1200.00, 156, 'available'),
(1620, 14, 43, 'Regular', 1200.00, 156, 'available'),
(1621, 14, 44, 'Regular', 1200.00, 156, 'available'),
(1622, 14, 45, 'Regular', 1200.00, 156, 'available'),
(1623, 14, 46, 'Regular', 1200.00, 156, 'available'),
(1624, 14, 47, 'Regular', 1200.00, 156, 'available'),
(1625, 14, 48, 'Regular', 1200.00, 156, 'available'),
(1626, 14, 49, 'Regular', 1200.00, 156, 'available'),
(1627, 14, 50, 'Regular', 1200.00, 156, 'available'),
(1628, 14, 51, 'Regular', 1200.00, 156, 'available'),
(1629, 14, 52, 'Regular', 1200.00, 156, 'available'),
(1630, 14, 53, 'Regular', 1200.00, 156, 'available'),
(1631, 14, 54, 'Regular', 1200.00, 156, 'available'),
(1632, 14, 55, 'Regular', 1200.00, 156, 'available'),
(1633, 14, 56, 'Regular', 1200.00, 156, 'available'),
(1634, 14, 57, 'Regular', 1200.00, 156, 'available'),
(1635, 14, 58, 'Regular', 1200.00, 156, 'available'),
(1636, 14, 59, 'Regular', 1200.00, 156, 'available'),
(1637, 14, 60, 'Regular', 1200.00, 156, 'available'),
(1638, 14, 61, 'Regular', 1200.00, 156, 'available'),
(1639, 14, 62, 'Regular', 1200.00, 156, 'available'),
(1640, 14, 63, 'Regular', 1200.00, 156, 'available'),
(1641, 14, 64, 'Regular', 1200.00, 156, 'available'),
(1642, 14, 65, 'Regular', 1200.00, 156, 'available'),
(1643, 14, 66, 'Regular', 1200.00, 156, 'available'),
(1644, 14, 67, 'Regular', 1200.00, 156, 'available'),
(1645, 14, 68, 'Regular', 1200.00, 156, 'available'),
(1646, 14, 69, 'Regular', 1200.00, 156, 'available'),
(1647, 14, 70, 'Regular', 1200.00, 156, 'available'),
(1648, 14, 71, 'Regular', 1200.00, 156, 'available'),
(1649, 14, 72, 'Regular', 1200.00, 156, 'available'),
(1650, 14, 73, 'Regular', 1200.00, 156, 'available'),
(1651, 14, 74, 'Regular', 1200.00, 156, 'available'),
(1652, 14, 75, 'Regular', 1200.00, 156, 'available'),
(1653, 14, 76, 'Regular', 1200.00, 156, 'available'),
(1654, 14, 77, 'Regular', 1200.00, 156, 'available'),
(1655, 14, 78, 'Regular', 1200.00, 156, 'available'),
(1656, 14, 79, 'Regular', 1200.00, 156, 'available'),
(1657, 14, 80, 'Regular', 1200.00, 156, 'available'),
(1658, 14, 81, 'Regular', 1200.00, 156, 'available'),
(1659, 14, 82, 'Regular', 1200.00, 156, 'available'),
(1660, 14, 83, 'Regular', 1200.00, 156, 'available'),
(1661, 14, 84, 'Regular', 1200.00, 156, 'available'),
(1662, 14, 85, 'Regular', 1200.00, 156, 'available'),
(1663, 14, 86, 'Regular', 1200.00, 156, 'available'),
(1664, 14, 87, 'Regular', 1200.00, 156, 'available'),
(1665, 14, 88, 'Regular', 1200.00, 156, 'available'),
(1666, 14, 89, 'Regular', 1200.00, 156, 'available'),
(1667, 14, 90, 'Regular', 1200.00, 156, 'available'),
(1668, 14, 91, 'Regular', 1200.00, 156, 'available'),
(1669, 14, 92, 'Regular', 1200.00, 156, 'available'),
(1670, 14, 93, 'Regular', 1200.00, 156, 'available'),
(1671, 14, 94, 'Regular', 1200.00, 156, 'available'),
(1672, 14, 95, 'Regular', 1200.00, 156, 'available'),
(1673, 14, 96, 'Regular', 1200.00, 156, 'available'),
(1674, 14, 97, 'Regular', 1200.00, 156, 'available'),
(1675, 14, 98, 'Regular', 1200.00, 156, 'available'),
(1676, 14, 99, 'Regular', 1200.00, 156, 'available'),
(1677, 14, 100, 'Regular', 1200.00, 156, 'available'),
(1678, 14, 101, 'Regular', 1200.00, 156, 'available'),
(1679, 14, 102, 'Regular', 1200.00, 156, 'available'),
(1680, 14, 103, 'Regular', 1200.00, 156, 'available'),
(1681, 14, 104, 'Regular', 1200.00, 156, 'available'),
(1682, 14, 105, 'Regular', 1200.00, 156, 'available'),
(1683, 14, 106, 'Regular', 1200.00, 156, 'available'),
(1684, 14, 107, 'Regular', 1200.00, 156, 'available'),
(1685, 14, 108, 'Regular', 1200.00, 156, 'available'),
(1686, 14, 109, 'Regular', 1200.00, 156, 'available'),
(1687, 14, 110, 'Regular', 1200.00, 156, 'available'),
(1688, 14, 111, 'Regular', 1200.00, 156, 'available'),
(1689, 14, 112, 'Regular', 1200.00, 156, 'available'),
(1690, 14, 113, 'Regular', 1200.00, 156, 'available'),
(1691, 14, 114, 'Regular', 1200.00, 156, 'available'),
(1692, 14, 115, 'Regular', 1200.00, 156, 'available'),
(1693, 14, 116, 'Regular', 1200.00, 156, 'available'),
(1694, 14, 117, 'Regular', 1200.00, 156, 'available'),
(1695, 14, 118, 'Regular', 1200.00, 156, 'available'),
(1696, 14, 119, 'Regular', 1200.00, 156, 'available'),
(1697, 14, 120, 'Regular', 1200.00, 156, 'available'),
(1698, 14, 121, 'Regular', 1200.00, 156, 'available'),
(1699, 14, 122, 'Regular', 1200.00, 156, 'available'),
(1700, 14, 123, 'Regular', 1200.00, 156, 'available'),
(1701, 14, 124, 'Regular', 1200.00, 156, 'available'),
(1702, 14, 125, 'Regular', 1200.00, 156, 'available'),
(1703, 14, 126, 'Regular', 1200.00, 156, 'available'),
(1704, 14, 127, 'Regular', 1200.00, 156, 'available'),
(1705, 14, 128, 'Regular', 1200.00, 156, 'available'),
(1706, 14, 129, 'Regular', 1200.00, 156, 'available'),
(1707, 14, 130, 'Regular', 1200.00, 156, 'available'),
(1708, 14, 131, 'Regular', 1200.00, 156, 'available'),
(1709, 14, 132, 'Regular', 1200.00, 156, 'available'),
(1710, 14, 133, 'Regular', 1200.00, 156, 'available'),
(1711, 14, 134, 'Regular', 1200.00, 156, 'available'),
(1712, 14, 135, 'Regular', 1200.00, 156, 'available'),
(1713, 14, 136, 'Regular', 1200.00, 156, 'available'),
(1714, 14, 137, 'Regular', 1200.00, 156, 'available'),
(1715, 14, 138, 'Regular', 1200.00, 156, 'available'),
(1716, 14, 139, 'Regular', 1200.00, 156, 'available'),
(1717, 14, 140, 'Regular', 1200.00, 156, 'available'),
(1718, 14, 141, 'Regular', 1200.00, 156, 'available'),
(1719, 14, 142, 'Regular', 1200.00, 156, 'available'),
(1720, 14, 143, 'Regular', 1200.00, 156, 'available'),
(1721, 14, 144, 'Regular', 1200.00, 156, 'available'),
(1722, 14, 145, 'Regular', 1200.00, 156, 'available'),
(1723, 14, 146, 'Regular', 1200.00, 156, 'available'),
(1724, 14, 147, 'Regular', 1200.00, 156, 'available'),
(1725, 14, 148, 'Regular', 1200.00, 156, 'available'),
(1726, 14, 149, 'Regular', 1200.00, 156, 'available'),
(1727, 14, 150, 'Regular', 1200.00, 156, 'available'),
(1728, 14, 151, 'Regular', 1200.00, 156, 'available'),
(1729, 14, 152, 'Regular', 1200.00, 156, 'available'),
(1730, 14, 153, 'Regular', 1200.00, 156, 'available'),
(1731, 14, 154, 'Regular', 1200.00, 156, 'available'),
(1732, 14, 155, 'Regular', 1200.00, 156, 'available'),
(1733, 14, 156, 'Regular', 1200.00, 156, 'available'),
(1734, 15, 1, 'Regular', 1200.00, 156, 'available'),
(1735, 15, 2, 'Regular', 1200.00, 156, 'available'),
(1736, 15, 3, 'Regular', 1200.00, 156, 'available'),
(1737, 15, 4, 'Regular', 1200.00, 156, 'available'),
(1738, 15, 5, 'Regular', 1200.00, 156, 'available'),
(1739, 15, 6, 'Regular', 1200.00, 156, 'available'),
(1740, 15, 7, 'Regular', 1200.00, 156, 'available'),
(1741, 15, 8, 'Regular', 1200.00, 156, 'available'),
(1742, 15, 9, 'Regular', 1200.00, 156, 'available'),
(1743, 15, 10, 'Regular', 1200.00, 156, 'available'),
(1744, 15, 11, 'Regular', 1200.00, 156, 'available'),
(1745, 15, 12, 'Regular', 1200.00, 156, 'available'),
(1746, 15, 13, 'Regular', 1200.00, 156, 'available'),
(1747, 15, 14, 'Regular', 1200.00, 156, 'available'),
(1748, 15, 15, 'Regular', 1200.00, 156, 'available'),
(1749, 15, 16, 'Regular', 1200.00, 156, 'available'),
(1750, 15, 17, 'Regular', 1200.00, 156, 'available'),
(1751, 15, 18, 'Regular', 1200.00, 156, 'available'),
(1752, 15, 19, 'Regular', 1200.00, 156, 'available'),
(1753, 15, 20, 'Regular', 1200.00, 156, 'available'),
(1754, 15, 21, 'Regular', 1200.00, 156, 'available'),
(1755, 15, 22, 'Regular', 1200.00, 156, 'available'),
(1756, 15, 23, 'Regular', 1200.00, 156, 'available'),
(1757, 15, 24, 'Regular', 1200.00, 156, 'available'),
(1758, 15, 25, 'Regular', 1200.00, 156, 'available'),
(1759, 15, 26, 'Regular', 1200.00, 156, 'available'),
(1760, 15, 27, 'Regular', 1200.00, 156, 'available'),
(1761, 15, 28, 'Regular', 1200.00, 156, 'available'),
(1762, 15, 29, 'Regular', 1200.00, 156, 'available'),
(1763, 15, 30, 'Regular', 1200.00, 156, 'available'),
(1764, 15, 31, 'Regular', 1200.00, 156, 'available'),
(1765, 15, 32, 'Regular', 1200.00, 156, 'available'),
(1766, 15, 33, 'Regular', 1200.00, 156, 'available'),
(1767, 15, 34, 'Regular', 1200.00, 156, 'available'),
(1768, 15, 35, 'Regular', 1200.00, 156, 'available'),
(1769, 15, 36, 'Regular', 1200.00, 156, 'available'),
(1770, 15, 37, 'Regular', 1200.00, 156, 'available'),
(1771, 15, 38, 'Regular', 1200.00, 156, 'available'),
(1772, 15, 39, 'Regular', 1200.00, 156, 'available'),
(1773, 15, 40, 'Regular', 1200.00, 156, 'available'),
(1774, 15, 41, 'Regular', 1200.00, 156, 'available'),
(1775, 15, 42, 'Regular', 1200.00, 156, 'available'),
(1776, 15, 43, 'Regular', 1200.00, 156, 'available'),
(1777, 15, 44, 'Regular', 1200.00, 156, 'available'),
(1778, 15, 45, 'Regular', 1200.00, 156, 'available'),
(1779, 15, 46, 'Regular', 1200.00, 156, 'available'),
(1780, 15, 47, 'Regular', 1200.00, 156, 'available'),
(1781, 15, 48, 'Regular', 1200.00, 156, 'available'),
(1782, 15, 49, 'Regular', 1200.00, 156, 'available'),
(1783, 15, 50, 'Regular', 1200.00, 156, 'available'),
(1784, 15, 51, 'Regular', 1200.00, 156, 'available'),
(1785, 15, 52, 'Regular', 1200.00, 156, 'available'),
(1786, 15, 53, 'Regular', 1200.00, 156, 'available'),
(1787, 15, 54, 'Regular', 1200.00, 156, 'available'),
(1788, 15, 55, 'Regular', 1200.00, 156, 'available'),
(1789, 15, 56, 'Regular', 1200.00, 156, 'available'),
(1790, 15, 57, 'Regular', 1200.00, 156, 'available'),
(1791, 15, 58, 'Regular', 1200.00, 156, 'available'),
(1792, 15, 59, 'Regular', 1200.00, 156, 'available'),
(1793, 15, 60, 'Regular', 1200.00, 156, 'available'),
(1794, 15, 61, 'Regular', 1200.00, 156, 'available'),
(1795, 15, 62, 'Regular', 1200.00, 156, 'available'),
(1796, 15, 63, 'Regular', 1200.00, 156, 'available'),
(1797, 15, 64, 'Regular', 1200.00, 156, 'available'),
(1798, 15, 65, 'Regular', 1200.00, 156, 'available'),
(1799, 15, 66, 'Regular', 1200.00, 156, 'available'),
(1800, 15, 67, 'Regular', 1200.00, 156, 'available'),
(1801, 15, 68, 'Regular', 1200.00, 156, 'available'),
(1802, 15, 69, 'Regular', 1200.00, 156, 'available'),
(1803, 15, 70, 'Regular', 1200.00, 156, 'available'),
(1804, 15, 71, 'Regular', 1200.00, 156, 'available'),
(1805, 15, 72, 'Regular', 1200.00, 156, 'available'),
(1806, 15, 73, 'Regular', 1200.00, 156, 'available'),
(1807, 15, 74, 'Regular', 1200.00, 156, 'available'),
(1808, 15, 75, 'Regular', 1200.00, 156, 'available'),
(1809, 15, 76, 'Regular', 1200.00, 156, 'available'),
(1810, 15, 77, 'Regular', 1200.00, 156, 'available'),
(1811, 15, 78, 'Regular', 1200.00, 156, 'available'),
(1812, 15, 79, 'Regular', 1200.00, 156, 'available'),
(1813, 15, 80, 'Regular', 1200.00, 156, 'available'),
(1814, 15, 81, 'Regular', 1200.00, 156, 'available'),
(1815, 15, 82, 'Regular', 1200.00, 156, 'available'),
(1816, 15, 83, 'Regular', 1200.00, 156, 'available'),
(1817, 15, 84, 'Regular', 1200.00, 156, 'available'),
(1818, 15, 85, 'Regular', 1200.00, 156, 'available'),
(1819, 15, 86, 'Regular', 1200.00, 156, 'available'),
(1820, 15, 87, 'Regular', 1200.00, 156, 'available'),
(1821, 15, 88, 'Regular', 1200.00, 156, 'available'),
(1822, 15, 89, 'Regular', 1200.00, 156, 'available'),
(1823, 15, 90, 'Regular', 1200.00, 156, 'available'),
(1824, 15, 91, 'Regular', 1200.00, 156, 'available'),
(1825, 15, 92, 'Regular', 1200.00, 156, 'available'),
(1826, 15, 93, 'Regular', 1200.00, 156, 'available'),
(1827, 15, 94, 'Regular', 1200.00, 156, 'available'),
(1828, 15, 95, 'Regular', 1200.00, 156, 'available'),
(1829, 15, 96, 'Regular', 1200.00, 156, 'available'),
(1830, 15, 97, 'Regular', 1200.00, 156, 'available'),
(1831, 15, 98, 'Regular', 1200.00, 156, 'available'),
(1832, 15, 99, 'Regular', 1200.00, 156, 'available'),
(1833, 15, 100, 'Regular', 1200.00, 156, 'available'),
(1834, 15, 101, 'Regular', 1200.00, 156, 'available'),
(1835, 15, 102, 'Regular', 1200.00, 156, 'available'),
(1836, 15, 103, 'Regular', 1200.00, 156, 'available'),
(1837, 15, 104, 'Regular', 1200.00, 156, 'available'),
(1838, 15, 105, 'Regular', 1200.00, 156, 'available'),
(1839, 15, 106, 'Regular', 1200.00, 156, 'available'),
(1840, 15, 107, 'Regular', 1200.00, 156, 'available'),
(1841, 15, 108, 'Regular', 1200.00, 156, 'available'),
(1842, 15, 109, 'Regular', 1200.00, 156, 'available'),
(1843, 15, 110, 'Regular', 1200.00, 156, 'available'),
(1844, 15, 111, 'Regular', 1200.00, 156, 'available'),
(1845, 15, 112, 'Regular', 1200.00, 156, 'available'),
(1846, 15, 113, 'Regular', 1200.00, 156, 'available'),
(1847, 15, 114, 'Regular', 1200.00, 156, 'available'),
(1848, 15, 115, 'Regular', 1200.00, 156, 'available'),
(1849, 15, 116, 'Regular', 1200.00, 156, 'available'),
(1850, 15, 117, 'Regular', 1200.00, 156, 'available'),
(1851, 15, 118, 'Regular', 1200.00, 156, 'available'),
(1852, 15, 119, 'Regular', 1200.00, 156, 'available'),
(1853, 15, 120, 'Regular', 1200.00, 156, 'available'),
(1854, 15, 121, 'Regular', 1200.00, 156, 'available'),
(1855, 15, 122, 'Regular', 1200.00, 156, 'available'),
(1856, 15, 123, 'Regular', 1200.00, 156, 'available'),
(1857, 15, 124, 'Regular', 1200.00, 156, 'available'),
(1858, 15, 125, 'Regular', 1200.00, 156, 'available'),
(1859, 15, 126, 'Regular', 1200.00, 156, 'available'),
(1860, 15, 127, 'Regular', 1200.00, 156, 'available'),
(1861, 15, 128, 'Regular', 1200.00, 156, 'available'),
(1862, 15, 129, 'Regular', 1200.00, 156, 'available'),
(1863, 15, 130, 'Regular', 1200.00, 156, 'available'),
(1864, 15, 131, 'Regular', 1200.00, 156, 'available'),
(1865, 15, 132, 'Regular', 1200.00, 156, 'available'),
(1866, 15, 133, 'Regular', 1200.00, 156, 'available'),
(1867, 15, 134, 'Regular', 1200.00, 156, 'available'),
(1868, 15, 135, 'Regular', 1200.00, 156, 'available'),
(1869, 15, 136, 'Regular', 1200.00, 156, 'available'),
(1870, 15, 137, 'Regular', 1200.00, 156, 'available'),
(1871, 15, 138, 'Regular', 1200.00, 156, 'available'),
(1872, 15, 139, 'Regular', 1200.00, 156, 'available'),
(1873, 15, 140, 'Regular', 1200.00, 156, 'available'),
(1874, 15, 141, 'Regular', 1200.00, 156, 'available'),
(1875, 15, 142, 'Regular', 1200.00, 156, 'available'),
(1876, 15, 143, 'Regular', 1200.00, 156, 'available'),
(1877, 15, 144, 'Regular', 1200.00, 156, 'available'),
(1878, 15, 145, 'Regular', 1200.00, 156, 'available'),
(1879, 15, 146, 'Regular', 1200.00, 156, 'available'),
(1880, 15, 147, 'Regular', 1200.00, 156, 'available'),
(1881, 15, 148, 'Regular', 1200.00, 156, 'available'),
(1882, 15, 149, 'Regular', 1200.00, 156, 'available'),
(1883, 15, 150, 'Regular', 1200.00, 156, 'available'),
(1884, 15, 151, 'Regular', 1200.00, 156, 'available'),
(1885, 15, 152, 'Regular', 1200.00, 156, 'available'),
(1886, 15, 153, 'Regular', 1200.00, 156, 'available'),
(1887, 15, 154, 'Regular', 1200.00, 156, 'available'),
(1888, 15, 155, 'Regular', 1200.00, 156, 'available'),
(1889, 15, 156, 'Regular', 1200.00, 156, 'available'),
(1890, 16, 1, 'Regular', 1200.00, 156, 'available'),
(1891, 16, 2, 'Regular', 1200.00, 156, 'available'),
(1892, 16, 3, 'Regular', 1200.00, 156, 'available'),
(1893, 16, 4, 'Regular', 1200.00, 156, 'available'),
(1894, 16, 5, 'Regular', 1200.00, 156, 'available'),
(1895, 16, 6, 'Regular', 1200.00, 156, 'available'),
(1896, 16, 7, 'Regular', 1200.00, 156, 'available'),
(1897, 16, 8, 'Regular', 1200.00, 156, 'available'),
(1898, 16, 9, 'Regular', 1200.00, 156, 'available'),
(1899, 16, 10, 'Regular', 1200.00, 156, 'available'),
(1900, 16, 11, 'Regular', 1200.00, 156, 'available'),
(1901, 16, 12, 'Regular', 1200.00, 156, 'available'),
(1902, 16, 13, 'Regular', 1200.00, 156, 'available'),
(1903, 16, 14, 'Regular', 1200.00, 156, 'available'),
(1904, 16, 15, 'Regular', 1200.00, 156, 'available'),
(1905, 16, 16, 'Regular', 1200.00, 156, 'available'),
(1906, 16, 17, 'Regular', 1200.00, 156, 'available'),
(1907, 16, 18, 'Regular', 1200.00, 156, 'available'),
(1908, 16, 19, 'Regular', 1200.00, 156, 'available'),
(1909, 16, 20, 'Regular', 1200.00, 156, 'available'),
(1910, 16, 21, 'Regular', 1200.00, 156, 'available'),
(1911, 16, 22, 'Regular', 1200.00, 156, 'available'),
(1912, 16, 23, 'Regular', 1200.00, 156, 'available'),
(1913, 16, 24, 'Regular', 1200.00, 156, 'available'),
(1914, 16, 25, 'Regular', 1200.00, 156, 'available'),
(1915, 16, 26, 'Regular', 1200.00, 156, 'available'),
(1916, 16, 27, 'Regular', 1200.00, 156, 'available'),
(1917, 16, 28, 'Regular', 1200.00, 156, 'available'),
(1918, 16, 29, 'Regular', 1200.00, 156, 'available'),
(1919, 16, 30, 'Regular', 1200.00, 156, 'available'),
(1920, 16, 31, 'Regular', 1200.00, 156, 'available'),
(1921, 16, 32, 'Regular', 1200.00, 156, 'available'),
(1922, 16, 33, 'Regular', 1200.00, 156, 'available'),
(1923, 16, 34, 'Regular', 1200.00, 156, 'available'),
(1924, 16, 35, 'Regular', 1200.00, 156, 'available'),
(1925, 16, 36, 'Regular', 1200.00, 156, 'available'),
(1926, 16, 37, 'Regular', 1200.00, 156, 'available'),
(1927, 16, 38, 'Regular', 1200.00, 156, 'available'),
(1928, 16, 39, 'Regular', 1200.00, 156, 'available'),
(1929, 16, 40, 'Regular', 1200.00, 156, 'available'),
(1930, 16, 41, 'Regular', 1200.00, 156, 'available'),
(1931, 16, 42, 'Regular', 1200.00, 156, 'available'),
(1932, 16, 43, 'Regular', 1200.00, 156, 'available'),
(1933, 16, 44, 'Regular', 1200.00, 156, 'available'),
(1934, 16, 45, 'Regular', 1200.00, 156, 'available'),
(1935, 16, 46, 'Regular', 1200.00, 156, 'available'),
(1936, 16, 47, 'Regular', 1200.00, 156, 'available'),
(1937, 16, 48, 'Regular', 1200.00, 156, 'available'),
(1938, 16, 49, 'Regular', 1200.00, 156, 'available'),
(1939, 16, 50, 'Regular', 1200.00, 156, 'available'),
(1940, 16, 51, 'Regular', 1200.00, 156, 'available'),
(1941, 16, 52, 'Regular', 1200.00, 156, 'available'),
(1942, 16, 53, 'Regular', 1200.00, 156, 'available'),
(1943, 16, 54, 'Regular', 1200.00, 156, 'available'),
(1944, 16, 55, 'Regular', 1200.00, 156, 'available'),
(1945, 16, 56, 'Regular', 1200.00, 156, 'available'),
(1946, 16, 57, 'Regular', 1200.00, 156, 'available'),
(1947, 16, 58, 'Regular', 1200.00, 156, 'available'),
(1948, 16, 59, 'Regular', 1200.00, 156, 'available'),
(1949, 16, 60, 'Regular', 1200.00, 156, 'available'),
(1950, 16, 61, 'Regular', 1200.00, 156, 'available'),
(1951, 16, 62, 'Regular', 1200.00, 156, 'available'),
(1952, 16, 63, 'Regular', 1200.00, 156, 'available'),
(1953, 16, 64, 'Regular', 1200.00, 156, 'available'),
(1954, 16, 65, 'Regular', 1200.00, 156, 'available'),
(1955, 16, 66, 'Regular', 1200.00, 156, 'available'),
(1956, 16, 67, 'Regular', 1200.00, 156, 'available'),
(1957, 16, 68, 'Regular', 1200.00, 156, 'available'),
(1958, 16, 69, 'Regular', 1200.00, 156, 'available'),
(1959, 16, 70, 'Regular', 1200.00, 156, 'available'),
(1960, 16, 71, 'Regular', 1200.00, 156, 'available'),
(1961, 16, 72, 'Regular', 1200.00, 156, 'available'),
(1962, 16, 73, 'Regular', 1200.00, 156, 'available'),
(1963, 16, 74, 'Regular', 1200.00, 156, 'available'),
(1964, 16, 75, 'Regular', 1200.00, 156, 'available'),
(1965, 16, 76, 'Regular', 1200.00, 156, 'available'),
(1966, 16, 77, 'Regular', 1200.00, 156, 'available'),
(1967, 16, 78, 'Regular', 1200.00, 156, 'available'),
(1968, 16, 79, 'Regular', 1200.00, 156, 'available'),
(1969, 16, 80, 'Regular', 1200.00, 156, 'available'),
(1970, 16, 81, 'Regular', 1200.00, 156, 'available'),
(1971, 16, 82, 'Regular', 1200.00, 156, 'available'),
(1972, 16, 83, 'Regular', 1200.00, 156, 'available'),
(1973, 16, 84, 'Regular', 1200.00, 156, 'available'),
(1974, 16, 85, 'Regular', 1200.00, 156, 'available'),
(1975, 16, 86, 'Regular', 1200.00, 156, 'available'),
(1976, 16, 87, 'Regular', 1200.00, 156, 'available'),
(1977, 16, 88, 'Regular', 1200.00, 156, 'available'),
(1978, 16, 89, 'Regular', 1200.00, 156, 'available'),
(1979, 16, 90, 'Regular', 1200.00, 156, 'available'),
(1980, 16, 91, 'Regular', 1200.00, 156, 'available'),
(1981, 16, 92, 'Regular', 1200.00, 156, 'available'),
(1982, 16, 93, 'Regular', 1200.00, 156, 'available'),
(1983, 16, 94, 'Regular', 1200.00, 156, 'available'),
(1984, 16, 95, 'Regular', 1200.00, 156, 'available'),
(1985, 16, 96, 'Regular', 1200.00, 156, 'available'),
(1986, 16, 97, 'Regular', 1200.00, 156, 'available'),
(1987, 16, 98, 'Regular', 1200.00, 156, 'available'),
(1988, 16, 99, 'Regular', 1200.00, 156, 'available'),
(1989, 16, 100, 'Regular', 1200.00, 156, 'available'),
(1990, 16, 101, 'Regular', 1200.00, 156, 'available'),
(1991, 16, 102, 'Regular', 1200.00, 156, 'available'),
(1992, 16, 103, 'Regular', 1200.00, 156, 'available'),
(1993, 16, 104, 'Regular', 1200.00, 156, 'available'),
(1994, 16, 105, 'Regular', 1200.00, 156, 'available'),
(1995, 16, 106, 'Regular', 1200.00, 156, 'available'),
(1996, 16, 107, 'Regular', 1200.00, 156, 'available'),
(1997, 16, 108, 'Regular', 1200.00, 156, 'available'),
(1998, 16, 109, 'Regular', 1200.00, 156, 'available'),
(1999, 16, 110, 'Regular', 1200.00, 156, 'available'),
(2000, 16, 111, 'Regular', 1200.00, 156, 'available'),
(2001, 16, 112, 'Regular', 1200.00, 156, 'available'),
(2002, 16, 113, 'Regular', 1200.00, 156, 'available'),
(2003, 16, 114, 'Regular', 1200.00, 156, 'available'),
(2004, 16, 115, 'Regular', 1200.00, 156, 'available'),
(2005, 16, 116, 'Regular', 1200.00, 156, 'available'),
(2006, 16, 117, 'Regular', 1200.00, 156, 'available'),
(2007, 16, 118, 'Regular', 1200.00, 156, 'available'),
(2008, 16, 119, 'Regular', 1200.00, 156, 'available'),
(2009, 16, 120, 'Regular', 1200.00, 156, 'available'),
(2010, 16, 121, 'Regular', 1200.00, 156, 'available'),
(2011, 16, 122, 'Regular', 1200.00, 156, 'available'),
(2012, 16, 123, 'Regular', 1200.00, 156, 'available'),
(2013, 16, 124, 'Regular', 1200.00, 156, 'available'),
(2014, 16, 125, 'Regular', 1200.00, 156, 'available'),
(2015, 16, 126, 'Regular', 1200.00, 156, 'available'),
(2016, 16, 127, 'Regular', 1200.00, 156, 'available'),
(2017, 16, 128, 'Regular', 1200.00, 156, 'available'),
(2018, 16, 129, 'Regular', 1200.00, 156, 'available'),
(2019, 16, 130, 'Regular', 1200.00, 156, 'available'),
(2020, 16, 131, 'Regular', 1200.00, 156, 'available'),
(2021, 16, 132, 'Regular', 1200.00, 156, 'available'),
(2022, 16, 133, 'Regular', 1200.00, 156, 'available'),
(2023, 16, 134, 'Regular', 1200.00, 156, 'available'),
(2024, 16, 135, 'Regular', 1200.00, 156, 'available'),
(2025, 16, 136, 'Regular', 1200.00, 156, 'available'),
(2026, 16, 137, 'Regular', 1200.00, 156, 'available'),
(2027, 16, 138, 'Regular', 1200.00, 156, 'available'),
(2028, 16, 139, 'Regular', 1200.00, 156, 'available'),
(2029, 16, 140, 'Regular', 1200.00, 156, 'available'),
(2030, 16, 141, 'Regular', 1200.00, 156, 'available'),
(2031, 16, 142, 'Regular', 1200.00, 156, 'available'),
(2032, 16, 143, 'Regular', 1200.00, 156, 'available'),
(2033, 16, 144, 'Regular', 1200.00, 156, 'available'),
(2034, 16, 145, 'Regular', 1200.00, 156, 'available'),
(2035, 16, 146, 'Regular', 1200.00, 156, 'available'),
(2036, 16, 147, 'Regular', 1200.00, 156, 'available'),
(2037, 16, 148, 'Regular', 1200.00, 156, 'available'),
(2038, 16, 149, 'Regular', 1200.00, 156, 'available'),
(2039, 16, 150, 'Regular', 1200.00, 156, 'available'),
(2040, 16, 151, 'Regular', 1200.00, 156, 'available'),
(2041, 16, 152, 'Regular', 1200.00, 156, 'available'),
(2042, 16, 153, 'Regular', 1200.00, 156, 'available'),
(2043, 16, 154, 'Regular', 1200.00, 156, 'available'),
(2044, 16, 155, 'Regular', 1200.00, 156, 'available'),
(2045, 16, 156, 'Regular', 1200.00, 156, 'available'),
(2046, 17, 1, 'Regular', 1200.00, 178, 'available'),
(2047, 17, 2, 'Regular', 1200.00, 178, 'available'),
(2048, 17, 3, 'Regular', 1200.00, 178, 'available'),
(2049, 17, 4, 'Regular', 1200.00, 178, 'available'),
(2050, 17, 5, 'Regular', 1200.00, 178, 'available'),
(2051, 17, 6, 'Regular', 1200.00, 178, 'available'),
(2052, 17, 7, 'Regular', 1200.00, 178, 'available'),
(2053, 17, 8, 'Regular', 1200.00, 178, 'available'),
(2054, 17, 9, 'Regular', 1200.00, 178, 'available'),
(2055, 17, 10, 'Regular', 1200.00, 178, 'available'),
(2056, 17, 11, 'Regular', 1200.00, 178, 'available'),
(2057, 17, 12, 'Regular', 1200.00, 178, 'available'),
(2058, 17, 13, 'Regular', 1200.00, 178, 'available'),
(2059, 17, 14, 'Regular', 1200.00, 178, 'available'),
(2060, 17, 15, 'Regular', 1200.00, 178, 'available'),
(2061, 17, 16, 'Regular', 1200.00, 178, 'available'),
(2062, 17, 17, 'Regular', 1200.00, 178, 'available'),
(2063, 17, 18, 'Regular', 1200.00, 178, 'available'),
(2064, 17, 19, 'Regular', 1200.00, 178, 'available'),
(2065, 17, 20, 'Regular', 1200.00, 178, 'available'),
(2066, 17, 21, 'Regular', 1200.00, 178, 'available'),
(2067, 17, 22, 'Regular', 1200.00, 178, 'available'),
(2068, 17, 23, 'Regular', 1200.00, 178, 'available'),
(2069, 17, 24, 'Regular', 1200.00, 178, 'available'),
(2070, 17, 25, 'Regular', 1200.00, 178, 'available'),
(2071, 17, 26, 'Regular', 1200.00, 178, 'available'),
(2072, 17, 27, 'Regular', 1200.00, 178, 'available'),
(2073, 17, 28, 'Regular', 1200.00, 178, 'available'),
(2074, 17, 29, 'Regular', 1200.00, 178, 'available'),
(2075, 17, 30, 'Regular', 1200.00, 178, 'available'),
(2076, 17, 31, 'Regular', 1200.00, 178, 'available'),
(2077, 17, 32, 'Regular', 1200.00, 178, 'available'),
(2078, 17, 33, 'Regular', 1200.00, 178, 'available'),
(2079, 17, 34, 'Regular', 1200.00, 178, 'available'),
(2080, 17, 35, 'Regular', 1200.00, 178, 'available'),
(2081, 17, 36, 'Regular', 1200.00, 178, 'available'),
(2082, 17, 37, 'Regular', 1200.00, 178, 'available'),
(2083, 17, 38, 'Regular', 1200.00, 178, 'available'),
(2084, 17, 39, 'Regular', 1200.00, 178, 'available'),
(2085, 17, 40, 'Regular', 1200.00, 178, 'available'),
(2086, 17, 41, 'Regular', 1200.00, 178, 'available'),
(2087, 17, 42, 'Regular', 1200.00, 178, 'available'),
(2088, 17, 43, 'Regular', 1200.00, 178, 'available'),
(2089, 17, 44, 'Regular', 1200.00, 178, 'available'),
(2090, 17, 45, 'Regular', 1200.00, 178, 'available'),
(2091, 17, 46, 'Regular', 1200.00, 178, 'available'),
(2092, 17, 47, 'Regular', 1200.00, 178, 'available');
INSERT INTO `seats` (`seatID`, `concertID`, `seatNumber`, `seatType`, `ticketPrice`, `totalTicketsAvailable`, `availability`) VALUES
(2093, 17, 48, 'Regular', 1200.00, 178, 'available'),
(2094, 17, 49, 'Regular', 1200.00, 178, 'available'),
(2095, 17, 50, 'Regular', 1200.00, 178, 'available'),
(2096, 17, 51, 'Regular', 1200.00, 178, 'available'),
(2097, 17, 52, 'Regular', 1200.00, 178, 'available'),
(2098, 17, 53, 'Regular', 1200.00, 178, 'available'),
(2099, 17, 54, 'Regular', 1200.00, 178, 'available'),
(2100, 17, 55, 'Regular', 1200.00, 178, 'available'),
(2101, 17, 56, 'Regular', 1200.00, 178, 'available'),
(2102, 17, 57, 'Regular', 1200.00, 178, 'available'),
(2103, 17, 58, 'Regular', 1200.00, 178, 'available'),
(2104, 17, 59, 'Regular', 1200.00, 178, 'available'),
(2105, 17, 60, 'Regular', 1200.00, 178, 'available'),
(2106, 17, 61, 'Regular', 1200.00, 178, 'available'),
(2107, 17, 62, 'Regular', 1200.00, 178, 'available'),
(2108, 17, 63, 'Regular', 1200.00, 178, 'available'),
(2109, 17, 64, 'Regular', 1200.00, 178, 'available'),
(2110, 17, 65, 'Regular', 1200.00, 178, 'available'),
(2111, 17, 66, 'Regular', 1200.00, 178, 'available'),
(2112, 17, 67, 'Regular', 1200.00, 178, 'available'),
(2113, 17, 68, 'Regular', 1200.00, 178, 'available'),
(2114, 17, 69, 'Regular', 1200.00, 178, 'available'),
(2115, 17, 70, 'Regular', 1200.00, 178, 'available'),
(2116, 17, 71, 'Regular', 1200.00, 178, 'available'),
(2117, 17, 72, 'Regular', 1200.00, 178, 'available'),
(2118, 17, 73, 'Regular', 1200.00, 178, 'available'),
(2119, 17, 74, 'Regular', 1200.00, 178, 'available'),
(2120, 17, 75, 'Regular', 1200.00, 178, 'available'),
(2121, 17, 76, 'Regular', 1200.00, 178, 'available'),
(2122, 17, 77, 'Regular', 1200.00, 178, 'available'),
(2123, 17, 78, 'Regular', 1200.00, 178, 'available'),
(2124, 17, 79, 'Regular', 1200.00, 178, 'available'),
(2125, 17, 80, 'Regular', 1200.00, 178, 'available'),
(2126, 17, 81, 'Regular', 1200.00, 178, 'available'),
(2127, 17, 82, 'Regular', 1200.00, 178, 'available'),
(2128, 17, 83, 'Regular', 1200.00, 178, 'available'),
(2129, 17, 84, 'Regular', 1200.00, 178, 'available'),
(2130, 17, 85, 'Regular', 1200.00, 178, 'available'),
(2131, 17, 86, 'Regular', 1200.00, 178, 'available'),
(2132, 17, 87, 'Regular', 1200.00, 178, 'available'),
(2133, 17, 88, 'Regular', 1200.00, 178, 'available'),
(2134, 17, 89, 'Regular', 1200.00, 178, 'available'),
(2135, 17, 90, 'Regular', 1200.00, 178, 'available'),
(2136, 17, 91, 'Regular', 1200.00, 178, 'available'),
(2137, 17, 92, 'Regular', 1200.00, 178, 'available'),
(2138, 17, 93, 'Regular', 1200.00, 178, 'available'),
(2139, 17, 94, 'Regular', 1200.00, 178, 'available'),
(2140, 17, 95, 'Regular', 1200.00, 178, 'available'),
(2141, 17, 96, 'Regular', 1200.00, 178, 'available'),
(2142, 17, 97, 'Regular', 1200.00, 178, 'available'),
(2143, 17, 98, 'Regular', 1200.00, 178, 'available'),
(2144, 17, 99, 'Regular', 1200.00, 178, 'available'),
(2145, 17, 100, 'Regular', 1200.00, 178, 'available'),
(2146, 17, 101, 'Regular', 1200.00, 178, 'available'),
(2147, 17, 102, 'Regular', 1200.00, 178, 'available'),
(2148, 17, 103, 'Regular', 1200.00, 178, 'available'),
(2149, 17, 104, 'Regular', 1200.00, 178, 'available'),
(2150, 17, 105, 'Regular', 1200.00, 178, 'available'),
(2151, 17, 106, 'Regular', 1200.00, 178, 'available'),
(2152, 17, 107, 'Regular', 1200.00, 178, 'available'),
(2153, 17, 108, 'Regular', 1200.00, 178, 'available'),
(2154, 17, 109, 'Regular', 1200.00, 178, 'available'),
(2155, 17, 110, 'Regular', 1200.00, 178, 'available'),
(2156, 17, 111, 'Regular', 1200.00, 178, 'available'),
(2157, 17, 112, 'Regular', 1200.00, 178, 'available'),
(2158, 17, 113, 'Regular', 1200.00, 178, 'available'),
(2159, 17, 114, 'Regular', 1200.00, 178, 'available'),
(2160, 17, 115, 'Regular', 1200.00, 178, 'available'),
(2161, 17, 116, 'Regular', 1200.00, 178, 'available'),
(2162, 17, 117, 'Regular', 1200.00, 178, 'available'),
(2163, 17, 118, 'Regular', 1200.00, 178, 'available'),
(2164, 17, 119, 'Regular', 1200.00, 178, 'available'),
(2165, 17, 120, 'Regular', 1200.00, 178, 'available'),
(2166, 17, 121, 'Regular', 1200.00, 178, 'available'),
(2167, 17, 122, 'Regular', 1200.00, 178, 'available'),
(2168, 17, 123, 'Regular', 1200.00, 178, 'available'),
(2169, 17, 124, 'Regular', 1200.00, 178, 'available'),
(2170, 17, 125, 'Regular', 1200.00, 178, 'available'),
(2171, 17, 126, 'Regular', 1200.00, 178, 'available'),
(2172, 17, 127, 'Regular', 1200.00, 178, 'available'),
(2173, 17, 128, 'Regular', 1200.00, 178, 'available'),
(2174, 17, 129, 'Regular', 1200.00, 178, 'available'),
(2175, 17, 130, 'Regular', 1200.00, 178, 'available'),
(2176, 17, 131, 'Regular', 1200.00, 178, 'available'),
(2177, 17, 132, 'Regular', 1200.00, 178, 'available'),
(2178, 17, 133, 'Regular', 1200.00, 178, 'available'),
(2179, 17, 134, 'Regular', 1200.00, 178, 'available'),
(2180, 17, 135, 'Regular', 1200.00, 178, 'available'),
(2181, 17, 136, 'Regular', 1200.00, 178, 'available'),
(2182, 17, 137, 'Regular', 1200.00, 178, 'available'),
(2183, 17, 138, 'Regular', 1200.00, 178, 'available'),
(2184, 17, 139, 'Regular', 1200.00, 178, 'available'),
(2185, 17, 140, 'Regular', 1200.00, 178, 'available'),
(2186, 17, 141, 'Regular', 1200.00, 178, 'available'),
(2187, 17, 142, 'Regular', 1200.00, 178, 'available'),
(2188, 17, 143, 'Regular', 1200.00, 178, 'available'),
(2189, 17, 144, 'Regular', 1200.00, 178, 'available'),
(2190, 17, 145, 'Regular', 1200.00, 178, 'available'),
(2191, 17, 146, 'Regular', 1200.00, 178, 'available'),
(2192, 17, 147, 'Regular', 1200.00, 178, 'available'),
(2193, 17, 148, 'Regular', 1200.00, 178, 'available'),
(2194, 17, 149, 'Regular', 1200.00, 178, 'available'),
(2195, 17, 150, 'Regular', 1200.00, 178, 'available'),
(2196, 17, 151, 'Regular', 1200.00, 178, 'available'),
(2197, 17, 152, 'Regular', 1200.00, 178, 'available'),
(2198, 17, 153, 'Regular', 1200.00, 178, 'available'),
(2199, 17, 154, 'Regular', 1200.00, 178, 'available'),
(2200, 17, 155, 'Regular', 1200.00, 178, 'available'),
(2201, 17, 156, 'Regular', 1200.00, 178, 'available'),
(2202, 17, 157, 'Regular', 1200.00, 178, 'available'),
(2203, 17, 158, 'Regular', 1200.00, 178, 'available'),
(2204, 17, 159, 'Regular', 1200.00, 178, 'available'),
(2205, 17, 160, 'Regular', 1200.00, 178, 'available'),
(2206, 17, 161, 'Regular', 1200.00, 178, 'available'),
(2207, 17, 162, 'Regular', 1200.00, 178, 'available'),
(2208, 17, 163, 'Regular', 1200.00, 178, 'available'),
(2209, 17, 164, 'Regular', 1200.00, 178, 'available'),
(2210, 17, 165, 'Regular', 1200.00, 178, 'available'),
(2211, 17, 166, 'Regular', 1200.00, 178, 'available'),
(2212, 17, 167, 'Regular', 1200.00, 178, 'available'),
(2213, 17, 168, 'Regular', 1200.00, 178, 'available'),
(2214, 17, 169, 'Regular', 1200.00, 178, 'available'),
(2215, 17, 170, 'Regular', 1200.00, 178, 'available'),
(2216, 17, 171, 'Regular', 1200.00, 178, 'available'),
(2217, 17, 172, 'Regular', 1200.00, 178, 'available'),
(2218, 17, 173, 'Regular', 1200.00, 178, 'available'),
(2219, 17, 174, 'Regular', 1200.00, 178, 'available'),
(2220, 17, 175, 'Regular', 1200.00, 178, 'available'),
(2221, 17, 176, 'Regular', 1200.00, 178, 'available'),
(2222, 17, 177, 'Regular', 1200.00, 178, 'available'),
(2223, 17, 178, 'Regular', 1200.00, 178, 'available'),
(2224, 18, 1, 'Regular', 1200.00, 178, 'available'),
(2225, 18, 2, 'Regular', 1200.00, 178, 'available'),
(2226, 18, 3, 'Regular', 1200.00, 178, 'available'),
(2227, 18, 4, 'Regular', 1200.00, 178, 'available'),
(2228, 18, 5, 'Regular', 1200.00, 178, 'available'),
(2229, 18, 6, 'Regular', 1200.00, 178, 'available'),
(2230, 18, 7, 'Regular', 1200.00, 178, 'available'),
(2231, 18, 8, 'Regular', 1200.00, 178, 'available'),
(2232, 18, 9, 'Regular', 1200.00, 178, 'available'),
(2233, 18, 10, 'Regular', 1200.00, 178, 'available'),
(2234, 18, 11, 'Regular', 1200.00, 178, 'available'),
(2235, 18, 12, 'Regular', 1200.00, 178, 'available'),
(2236, 18, 13, 'Regular', 1200.00, 178, 'available'),
(2237, 18, 14, 'Regular', 1200.00, 178, 'available'),
(2238, 18, 15, 'Regular', 1200.00, 178, 'available'),
(2239, 18, 16, 'Regular', 1200.00, 178, 'available'),
(2240, 18, 17, 'Regular', 1200.00, 178, 'available'),
(2241, 18, 18, 'Regular', 1200.00, 178, 'available'),
(2242, 18, 19, 'Regular', 1200.00, 178, 'available'),
(2243, 18, 20, 'Regular', 1200.00, 178, 'available'),
(2244, 18, 21, 'Regular', 1200.00, 178, 'available'),
(2245, 18, 22, 'Regular', 1200.00, 178, 'available'),
(2246, 18, 23, 'Regular', 1200.00, 178, 'available'),
(2247, 18, 24, 'Regular', 1200.00, 178, 'available'),
(2248, 18, 25, 'Regular', 1200.00, 178, 'available'),
(2249, 18, 26, 'Regular', 1200.00, 178, 'available'),
(2250, 18, 27, 'Regular', 1200.00, 178, 'available'),
(2251, 18, 28, 'Regular', 1200.00, 178, 'available'),
(2252, 18, 29, 'Regular', 1200.00, 178, 'available'),
(2253, 18, 30, 'Regular', 1200.00, 178, 'available'),
(2254, 18, 31, 'Regular', 1200.00, 178, 'available'),
(2255, 18, 32, 'Regular', 1200.00, 178, 'available'),
(2256, 18, 33, 'Regular', 1200.00, 178, 'available'),
(2257, 18, 34, 'Regular', 1200.00, 178, 'available'),
(2258, 18, 35, 'Regular', 1200.00, 178, 'available'),
(2259, 18, 36, 'Regular', 1200.00, 178, 'available'),
(2260, 18, 37, 'Regular', 1200.00, 178, 'available'),
(2261, 18, 38, 'Regular', 1200.00, 178, 'available'),
(2262, 18, 39, 'Regular', 1200.00, 178, 'available'),
(2263, 18, 40, 'Regular', 1200.00, 178, 'available'),
(2264, 18, 41, 'Regular', 1200.00, 178, 'available'),
(2265, 18, 42, 'Regular', 1200.00, 178, 'available'),
(2266, 18, 43, 'Regular', 1200.00, 178, 'available'),
(2267, 18, 44, 'Regular', 1200.00, 178, 'available'),
(2268, 18, 45, 'Regular', 1200.00, 178, 'available'),
(2269, 18, 46, 'Regular', 1200.00, 178, 'available'),
(2270, 18, 47, 'Regular', 1200.00, 178, 'available'),
(2271, 18, 48, 'Regular', 1200.00, 178, 'available'),
(2272, 18, 49, 'Regular', 1200.00, 178, 'available'),
(2273, 18, 50, 'Regular', 1200.00, 178, 'available'),
(2274, 18, 51, 'Regular', 1200.00, 178, 'available'),
(2275, 18, 52, 'Regular', 1200.00, 178, 'available'),
(2276, 18, 53, 'Regular', 1200.00, 178, 'available'),
(2277, 18, 54, 'Regular', 1200.00, 178, 'available'),
(2278, 18, 55, 'Regular', 1200.00, 178, 'available'),
(2279, 18, 56, 'Regular', 1200.00, 178, 'available'),
(2280, 18, 57, 'Regular', 1200.00, 178, 'available'),
(2281, 18, 58, 'Regular', 1200.00, 178, 'available'),
(2282, 18, 59, 'Regular', 1200.00, 178, 'available'),
(2283, 18, 60, 'Regular', 1200.00, 178, 'available'),
(2284, 18, 61, 'Regular', 1200.00, 178, 'available'),
(2285, 18, 62, 'Regular', 1200.00, 178, 'available'),
(2286, 18, 63, 'Regular', 1200.00, 178, 'available'),
(2287, 18, 64, 'Regular', 1200.00, 178, 'available'),
(2288, 18, 65, 'Regular', 1200.00, 178, 'available'),
(2289, 18, 66, 'Regular', 1200.00, 178, 'available'),
(2290, 18, 67, 'Regular', 1200.00, 178, 'available'),
(2291, 18, 68, 'Regular', 1200.00, 178, 'available'),
(2292, 18, 69, 'Regular', 1200.00, 178, 'available'),
(2293, 18, 70, 'Regular', 1200.00, 178, 'available'),
(2294, 18, 71, 'Regular', 1200.00, 178, 'available'),
(2295, 18, 72, 'Regular', 1200.00, 178, 'available'),
(2296, 18, 73, 'Regular', 1200.00, 178, 'available'),
(2297, 18, 74, 'Regular', 1200.00, 178, 'available'),
(2298, 18, 75, 'Regular', 1200.00, 178, 'available'),
(2299, 18, 76, 'Regular', 1200.00, 178, 'available'),
(2300, 18, 77, 'Regular', 1200.00, 178, 'available'),
(2301, 18, 78, 'Regular', 1200.00, 178, 'available'),
(2302, 18, 79, 'Regular', 1200.00, 178, 'available'),
(2303, 18, 80, 'Regular', 1200.00, 178, 'available'),
(2304, 18, 81, 'Regular', 1200.00, 178, 'available'),
(2305, 18, 82, 'Regular', 1200.00, 178, 'available'),
(2306, 18, 83, 'Regular', 1200.00, 178, 'available'),
(2307, 18, 84, 'Regular', 1200.00, 178, 'available'),
(2308, 18, 85, 'Regular', 1200.00, 178, 'available'),
(2309, 18, 86, 'Regular', 1200.00, 178, 'available'),
(2310, 18, 87, 'Regular', 1200.00, 178, 'available'),
(2311, 18, 88, 'Regular', 1200.00, 178, 'available'),
(2312, 18, 89, 'Regular', 1200.00, 178, 'available'),
(2313, 18, 90, 'Regular', 1200.00, 178, 'available'),
(2314, 18, 91, 'Regular', 1200.00, 178, 'available'),
(2315, 18, 92, 'Regular', 1200.00, 178, 'available'),
(2316, 18, 93, 'Regular', 1200.00, 178, 'available'),
(2317, 18, 94, 'Regular', 1200.00, 178, 'available'),
(2318, 18, 95, 'Regular', 1200.00, 178, 'available'),
(2319, 18, 96, 'Regular', 1200.00, 178, 'available'),
(2320, 18, 97, 'Regular', 1200.00, 178, 'available'),
(2321, 18, 98, 'Regular', 1200.00, 178, 'available'),
(2322, 18, 99, 'Regular', 1200.00, 178, 'available'),
(2323, 18, 100, 'Regular', 1200.00, 178, 'available'),
(2324, 18, 101, 'Regular', 1200.00, 178, 'available'),
(2325, 18, 102, 'Regular', 1200.00, 178, 'available'),
(2326, 18, 103, 'Regular', 1200.00, 178, 'available'),
(2327, 18, 104, 'Regular', 1200.00, 178, 'available'),
(2328, 18, 105, 'Regular', 1200.00, 178, 'available'),
(2329, 18, 106, 'Regular', 1200.00, 178, 'available'),
(2330, 18, 107, 'Regular', 1200.00, 178, 'available'),
(2331, 18, 108, 'Regular', 1200.00, 178, 'available'),
(2332, 18, 109, 'Regular', 1200.00, 178, 'available'),
(2333, 18, 110, 'Regular', 1200.00, 178, 'available'),
(2334, 18, 111, 'Regular', 1200.00, 178, 'available'),
(2335, 18, 112, 'Regular', 1200.00, 178, 'available'),
(2336, 18, 113, 'Regular', 1200.00, 178, 'available'),
(2337, 18, 114, 'Regular', 1200.00, 178, 'available'),
(2338, 18, 115, 'Regular', 1200.00, 178, 'available'),
(2339, 18, 116, 'Regular', 1200.00, 178, 'available'),
(2340, 18, 117, 'Regular', 1200.00, 178, 'available'),
(2341, 18, 118, 'Regular', 1200.00, 178, 'available'),
(2342, 18, 119, 'Regular', 1200.00, 178, 'available'),
(2343, 18, 120, 'Regular', 1200.00, 178, 'available'),
(2344, 18, 121, 'Regular', 1200.00, 178, 'available'),
(2345, 18, 122, 'Regular', 1200.00, 178, 'available'),
(2346, 18, 123, 'Regular', 1200.00, 178, 'available'),
(2347, 18, 124, 'Regular', 1200.00, 178, 'available'),
(2348, 18, 125, 'Regular', 1200.00, 178, 'available'),
(2349, 18, 126, 'Regular', 1200.00, 178, 'available'),
(2350, 18, 127, 'Regular', 1200.00, 178, 'available'),
(2351, 18, 128, 'Regular', 1200.00, 178, 'available'),
(2352, 18, 129, 'Regular', 1200.00, 178, 'available'),
(2353, 18, 130, 'Regular', 1200.00, 178, 'available'),
(2354, 18, 131, 'Regular', 1200.00, 178, 'available'),
(2355, 18, 132, 'Regular', 1200.00, 178, 'available'),
(2356, 18, 133, 'Regular', 1200.00, 178, 'available'),
(2357, 18, 134, 'Regular', 1200.00, 178, 'available'),
(2358, 18, 135, 'Regular', 1200.00, 178, 'available'),
(2359, 18, 136, 'Regular', 1200.00, 178, 'available'),
(2360, 18, 137, 'Regular', 1200.00, 178, 'available'),
(2361, 18, 138, 'Regular', 1200.00, 178, 'available'),
(2362, 18, 139, 'Regular', 1200.00, 178, 'available'),
(2363, 18, 140, 'Regular', 1200.00, 178, 'available'),
(2364, 18, 141, 'Regular', 1200.00, 178, 'available'),
(2365, 18, 142, 'Regular', 1200.00, 178, 'available'),
(2366, 18, 143, 'Regular', 1200.00, 178, 'available'),
(2367, 18, 144, 'Regular', 1200.00, 178, 'available'),
(2368, 18, 145, 'Regular', 1200.00, 178, 'available'),
(2369, 18, 146, 'Regular', 1200.00, 178, 'available'),
(2370, 18, 147, 'Regular', 1200.00, 178, 'available'),
(2371, 18, 148, 'Regular', 1200.00, 178, 'available'),
(2372, 18, 149, 'Regular', 1200.00, 178, 'available'),
(2373, 18, 150, 'Regular', 1200.00, 178, 'available'),
(2374, 18, 151, 'Regular', 1200.00, 178, 'available'),
(2375, 18, 152, 'Regular', 1200.00, 178, 'available'),
(2376, 18, 153, 'Regular', 1200.00, 178, 'available'),
(2377, 18, 154, 'Regular', 1200.00, 178, 'available'),
(2378, 18, 155, 'Regular', 1200.00, 178, 'available'),
(2379, 18, 156, 'Regular', 1200.00, 178, 'available'),
(2380, 18, 157, 'Regular', 1200.00, 178, 'available'),
(2381, 18, 158, 'Regular', 1200.00, 178, 'available'),
(2382, 18, 159, 'Regular', 1200.00, 178, 'available'),
(2383, 18, 160, 'Regular', 1200.00, 178, 'available'),
(2384, 18, 161, 'Regular', 1200.00, 178, 'available'),
(2385, 18, 162, 'Regular', 1200.00, 178, 'available'),
(2386, 18, 163, 'Regular', 1200.00, 178, 'available'),
(2387, 18, 164, 'Regular', 1200.00, 178, 'available'),
(2388, 18, 165, 'Regular', 1200.00, 178, 'available'),
(2389, 18, 166, 'Regular', 1200.00, 178, 'available'),
(2390, 18, 167, 'Regular', 1200.00, 178, 'available'),
(2391, 18, 168, 'Regular', 1200.00, 178, 'available'),
(2392, 18, 169, 'Regular', 1200.00, 178, 'available'),
(2393, 18, 170, 'Regular', 1200.00, 178, 'available'),
(2394, 18, 171, 'Regular', 1200.00, 178, 'available'),
(2395, 18, 172, 'Regular', 1200.00, 178, 'available'),
(2396, 18, 173, 'Regular', 1200.00, 178, 'available'),
(2397, 18, 174, 'Regular', 1200.00, 178, 'available'),
(2398, 18, 175, 'Regular', 1200.00, 178, 'available'),
(2399, 18, 176, 'Regular', 1200.00, 178, 'available'),
(2400, 18, 177, 'Regular', 1200.00, 178, 'available'),
(2401, 18, 178, 'Regular', 1200.00, 178, 'available');

-- --------------------------------------------------------

--
-- Table structure for table `users`
--

CREATE TABLE `users` (
  `userID` int(11) NOT NULL,
  `username` varchar(255) NOT NULL,
  `email` varchar(255) NOT NULL,
  `password` varchar(255) NOT NULL,
  `userType` enum('customer','admin') NOT NULL DEFAULT 'customer'
) ENGINE=InnoDB DEFAULT CHARSET=utf8mb4 COLLATE=utf8mb4_general_ci;

--
-- Dumping data for table `users`
--

INSERT INTO `users` (`userID`, `username`, `email`, `password`, `userType`) VALUES
(1, 'admin', 'ad.min@gmail.com', '4321', 'admin'),
(2, 'kiel', 'kielpalaad@gmail.com', '1234', 'customer'),
(3, 'jeric', 'jericjdelacruz@gmail.com', 'jeric', 'customer');

-- --------------------------------------------------------

--
-- Table structure for table `venues`
--

CREATE TABLE `venues` (
  `venueID` int(11) NOT NULL,
  `venueName` varchar(255) NOT NULL,
  `venueLocation` varchar(255) NOT NULL
) ENGINE=InnoDB DEFAULT CHARSET=utf8mb4 COLLATE=utf8mb4_general_ci;

--
-- Dumping data for table `venues`
--

INSERT INTO `venues` (`venueID`, `venueName`, `venueLocation`) VALUES
(3, 'Munoz Pagasa GYM', 'Science City of Munoz');

--
-- Indexes for dumped tables
--

--
-- Indexes for table `blogposts`
--
ALTER TABLE `blogposts`
  ADD PRIMARY KEY (`postID`);

--
-- Indexes for table `concerts`
--
ALTER TABLE `concerts`
  ADD PRIMARY KEY (`concertID`),
  ADD KEY `venueID` (`venueID`);

--
-- Indexes for table `contactmessages`
--
ALTER TABLE `contactmessages`
  ADD PRIMARY KEY (`messageID`);

--
-- Indexes for table `postlikes`
--
ALTER TABLE `postlikes`
  ADD PRIMARY KEY (`likeID`),
  ADD UNIQUE KEY `unique_like` (`postID`,`userID`),
  ADD KEY `userID` (`userID`);

--
-- Indexes for table `reservations`
--
ALTER TABLE `reservations`
  ADD PRIMARY KEY (`reservationID`),
  ADD KEY `userID` (`userID`),
  ADD KEY `concertID` (`concertID`),
  ADD KEY `seatID` (`seatID`);

--
-- Indexes for table `seats`
--
ALTER TABLE `seats`
  ADD PRIMARY KEY (`seatID`),
  ADD KEY `concertID` (`concertID`);

--
-- Indexes for table `users`
--
ALTER TABLE `users`
  ADD PRIMARY KEY (`userID`);

--
-- Indexes for table `venues`
--
ALTER TABLE `venues`
  ADD PRIMARY KEY (`venueID`);

--
-- AUTO_INCREMENT for dumped tables
--

--
-- AUTO_INCREMENT for table `blogposts`
--
ALTER TABLE `blogposts`
  MODIFY `postID` int(11) NOT NULL AUTO_INCREMENT, AUTO_INCREMENT=13;

--
-- AUTO_INCREMENT for table `concerts`
--
ALTER TABLE `concerts`
  MODIFY `concertID` int(11) NOT NULL AUTO_INCREMENT, AUTO_INCREMENT=19;

--
-- AUTO_INCREMENT for table `contactmessages`
--
ALTER TABLE `contactmessages`
  MODIFY `messageID` int(11) NOT NULL AUTO_INCREMENT, AUTO_INCREMENT=3;

--
-- AUTO_INCREMENT for table `postlikes`
--
ALTER TABLE `postlikes`
  MODIFY `likeID` int(11) NOT NULL AUTO_INCREMENT, AUTO_INCREMENT=3;

--
-- AUTO_INCREMENT for table `reservations`
--
ALTER TABLE `reservations`
  MODIFY `reservationID` int(11) NOT NULL AUTO_INCREMENT, AUTO_INCREMENT=108;

--
-- AUTO_INCREMENT for table `seats`
--
ALTER TABLE `seats`
  MODIFY `seatID` int(11) NOT NULL AUTO_INCREMENT, AUTO_INCREMENT=2402;

--
-- AUTO_INCREMENT for table `users`
--
ALTER TABLE `users`
  MODIFY `userID` int(11) NOT NULL AUTO_INCREMENT, AUTO_INCREMENT=4;

--
-- AUTO_INCREMENT for table `venues`
--
ALTER TABLE `venues`
  MODIFY `venueID` int(11) NOT NULL AUTO_INCREMENT, AUTO_INCREMENT=4;

--
-- Constraints for dumped tables
--

--
-- Constraints for table `concerts`
--
ALTER TABLE `concerts`
  ADD CONSTRAINT `concerts_ibfk_1` FOREIGN KEY (`venueID`) REFERENCES `venues` (`venueID`);

--
-- Constraints for table `postlikes`
--
ALTER TABLE `postlikes`
  ADD CONSTRAINT `postlikes_ibfk_1` FOREIGN KEY (`postID`) REFERENCES `blogposts` (`postID`),
  ADD CONSTRAINT `postlikes_ibfk_2` FOREIGN KEY (`userID`) REFERENCES `users` (`userID`);

--
-- Constraints for table `reservations`
--
ALTER TABLE `reservations`
  ADD CONSTRAINT `reservations_ibfk_1` FOREIGN KEY (`userID`) REFERENCES `users` (`userID`),
  ADD CONSTRAINT `reservations_ibfk_2` FOREIGN KEY (`concertID`) REFERENCES `concerts` (`concertID`),
  ADD CONSTRAINT `reservations_ibfk_3` FOREIGN KEY (`seatID`) REFERENCES `seats` (`seatID`);

--
-- Constraints for table `seats`
--
ALTER TABLE `seats`
  ADD CONSTRAINT `seats_ibfk_1` FOREIGN KEY (`concertID`) REFERENCES `concerts` (`concertID`);
COMMIT;

/*!40101 SET CHARACTER_SET_CLIENT=@OLD_CHARACTER_SET_CLIENT */;
/*!40101 SET CHARACTER_SET_RESULTS=@OLD_CHARACTER_SET_RESULTS */;
/*!40101 SET COLLATION_CONNECTION=@OLD_COLLATION_CONNECTION */;
