-- phpMyAdmin SQL Dump
-- version 5.2.1
-- https://www.phpmyadmin.net/
--
-- Host: 127.0.0.1
-- Generation Time: Apr 23, 2024 at 04:31 AM
-- Server version: 10.4.32-MariaDB
-- PHP Version: 8.2.12

SET SQL_MODE = "NO_AUTO_VALUE_ON_ZERO";
START TRANSACTION;
SET time_zone = "+00:00";


/*!40101 SET @OLD_CHARACTER_SET_CLIENT=@@CHARACTER_SET_CLIENT */;
/*!40101 SET @OLD_CHARACTER_SET_RESULTS=@@CHARACTER_SET_RESULTS */;
/*!40101 SET @OLD_COLLATION_CONNECTION=@@COLLATION_CONNECTION */;
/*!40101 SET NAMES utf8mb4 */;

--
-- Database: `concert-reservation-oop`
--

-- --------------------------------------------------------

--
-- Table structure for table `blogposts`
--

CREATE TABLE `blogposts` (
  `postID` int(11) NOT NULL,
  `title` varchar(255) NOT NULL,
  `content` text NOT NULL,
  `image` varchar(255) DEFAULT NULL,
  `author` varchar(255) NOT NULL,
  `likes` int(11) DEFAULT 0,
  `dislikes` int(11) DEFAULT 0
) ENGINE=InnoDB DEFAULT CHARSET=utf8mb4 COLLATE=utf8mb4_general_ci;

--
-- Dumping data for table `blogposts`
--

INSERT INTO `blogposts` (`postID`, `title`, `content`, `image`, `author`, `likes`, `dislikes`) VALUES
(1, 'Top 10 Must-See Concerts of the Year: Your TicketNow Guide', '<p>Lorem ipsum dolor sit amet, consectetur adipiscing elit. Sed tempor felis a turpis placerat, sit amet commodo purus gravida. Nullam id consectetur velit. Nullam dapibus nisl et arcu ultricies, vel placerat felis aliquet. Integer et justo vel magna ullamcorper vestibulum nec nec nulla. Sed eleifend sit amet velit nec dapibus.&nbsp;</p>\r\n<p>&nbsp;</p>\r\n<p>Pellentesque habitant morbi tristique senectus et netus et malesuada fames ac turpis egestas. Mauris ut tortor vitae velit fermentum consequat. Fusce ullamcorper lectus eu massa lacinia, ac efficitur ipsum ultricies. Nam in nisi nec arcu faucibus sagittis eget in nisi. Duis auctor dui quis turpis facilisis, eu posuere sem finibus.&nbsp;</p>\r\n<p>&nbsp;</p>\r\n<p>Vestibulum tristique enim id odio ultrices, id commodo nunc vulputate. Donec et urna vel ipsum pulvinar vehicula. Nam quis libero et urna vestibulum ultricies vel et dui. Integer consectetur, mauris a ultricies commodo, odio dui ultricies justo, vel convallis nulla ipsum vitae nisi. Sed id ipsum ut arcu convallis auctor. Sed in vestibulum tortor.</p>', '../blog_uploads/php93E0.tmp', 'ProsePulse', 0, 0),
(2, 'Behind the Scenes: How Ticket Now Ensures Authenticity', '<p>Lorem ipsum dolor sit amet, consectetur adipiscing elit. Sed tempor felis a turpis placerat, sit amet commodo purus gravida. Nullam id consectetur velit. Nullam dapibus nisl et arcu ultricies, vel placerat felis aliquet. Integer et justo vel magna ullamcorper vestibulum nec nec nulla. Sed eleifend sit amet velit nec dapibus.&nbsp;</p>\r\n<p>&nbsp;</p>\r\n<p>Pellentesque habitant morbi tristique senectus et netus et malesuada fames ac turpis egestas. Mauris ut tortor vitae velit fermentum consequat. Fusce ullamcorper lectus eu massa lacinia, ac efficitur ipsum ultricies. Nam in nisi nec arcu faucibus sagittis eget in nisi. Duis auctor dui quis turpis facilisis, eu posuere sem finibus.&nbsp;</p>\r\n<p>&nbsp;</p>\r\n<p>Vestibulum tristique enim id odio ultrices, id commodo nunc vulputate. Donec et urna vel ipsum pulvinar vehicula. Nam quis libero et urna vestibulum ultricies vel et dui. Integer consectetur, mauris a ultricies commodo, odio dui ultricies justo, vel convallis nulla ipsum vitae nisi. Sed id ipsum ut arcu convallis auctor. Sed in vestibulum tortor.</p>', '../blog_uploads/php91C9.tmp', 'WordWise', 0, 0),
(3, 'From Rock to Pop: Exploring the Diverse Music Scene on Ticket...', '<p>Lorem ipsum dolor sit amet, consectetur adipiscing elit. Sed tempor felis a turpis placerat, sit amet commodo purus gravida. Nullam id consectetur velit. Nullam dapibus nisl et arcu ultricies, vel placerat felis aliquet. Integer et justo vel magna ullamcorper vestibulum nec nec nulla. Sed eleifend sit amet velit nec dapibus.&nbsp;</p>\r\n<p>&nbsp;</p>\r\n<p>Pellentesque habitant morbi tristique senectus et netus et malesuada fames ac turpis egestas. Mauris ut tortor vitae velit fermentum consequat. Fusce ullamcorper lectus eu massa lacinia, ac efficitur ipsum ultricies. Nam in nisi nec arcu faucibus sagittis eget in nisi. Duis auctor dui quis turpis facilisis, eu posuere sem finibus.&nbsp;</p>\r\n<p>&nbsp;</p>\r\n<p>Vestibulum tristique enim id odio ultrices, id commodo nunc vulputate. Donec et urna vel ipsum pulvinar vehicula. Nam quis libero et urna vestibulum ultricies vel et dui. Integer consectetur, mauris a ultricies commodo, odio dui ultricies justo, vel convallis nulla ipsum vitae nisi. Sed id ipsum ut arcu convallis auctor. Sed in vestibulum tortor.</p>', '../blog_uploads/php8BA.tmp', 'ScriptScribe', 0, 0),
(4, 'Concert-Goer Chronicles: Memorable Experiences Shared..', '<p>Lorem ipsum dolor sit amet, consectetur adipiscing elit. Sed tempor felis a turpis placerat, sit amet commodo purus gravida. Nullam id consectetur velit. Nullam dapibus nisl et arcu ultricies, vel placerat felis aliquet. Integer et justo vel magna ullamcorper vestibulum nec nec nulla. Sed eleifend sit amet velit nec dapibus.&nbsp;</p>\r\n<p>&nbsp;</p>\r\n<p>Pellentesque habitant morbi tristique senectus et netus et malesuada fames ac turpis egestas. Mauris ut tortor vitae velit fermentum consequat. Fusce ullamcorper lectus eu massa lacinia, ac efficitur ipsum ultricies. Nam in nisi nec arcu faucibus sagittis eget in nisi. Duis auctor dui quis turpis facilisis, eu posuere sem finibus.&nbsp;</p>\r\n<p>&nbsp;</p>\r\n<p>Vestibulum tristique enim id odio ultrices, id commodo nunc vulputate. Donec et urna vel ipsum pulvinar vehicula. Nam quis libero et urna vestibulum ultricies vel et dui. Integer consectetur, mauris a ultricies commodo, odio dui ultricies justo, vel convallis nulla ipsum vitae nisi. Sed id ipsum ut arcu convallis auctor. Sed in vestibulum tortor.</p>', '../blog_uploads/phpCF57.tmp', 'InkInsight', 0, 0),
(5, 'Exclusive Interviews: Meet the Artists Behind the Hottest Show..', '<p>Lorem ipsum dolor sit amet, consectetur adipiscing elit. Sed tempor felis a turpis placerat, sit amet commodo purus gravida. Nullam id consectetur velit. Nullam dapibus nisl et arcu ultricies, vel placerat felis aliquet. Integer et justo vel magna ullamcorper vestibulum nec nec nulla. Sed eleifend sit amet velit nec dapibus.&nbsp;</p>\r\n<p>&nbsp;</p>\r\n<p>Pellentesque habitant morbi tristique senectus et netus et malesuada fames ac turpis egestas. Mauris ut tortor vitae velit fermentum consequat. Fusce ullamcorper lectus eu massa lacinia, ac efficitur ipsum ultricies. Nam in nisi nec arcu faucibus sagittis eget in nisi. Duis auctor dui quis turpis facilisis, eu posuere sem finibus.&nbsp;</p>\r\n<p>&nbsp;</p>\r\n<p>Vestibulum tristique enim id odio ultrices, id commodo nunc vulputate. Donec et urna vel ipsum pulvinar vehicula. Nam quis libero et urna vestibulum ultricies vel et dui. Integer consectetur, mauris a ultricies commodo, odio dui ultricies justo, vel convallis nulla ipsum vitae nisi. Sed id ipsum ut arcu convallis auctor. Sed in vestibulum tortor.</p>', '../blog_uploads/php1FC.tmp', 'VerbVoyage', 0, 0),
(6, 'Unlocking the Ultimate Concert Experience: Insider Tips from...', '<p>Lorem ipsum dolor sit amet, consectetur adipiscing elit. Sed tempor felis a turpis placerat, sit amet commodo purus gravida. Nullam id consectetur velit. Nullam dapibus nisl et arcu ultricies, vel placerat felis aliquet. Integer et justo vel magna ullamcorper vestibulum nec nec nulla. Sed eleifend sit amet velit nec dapibus.&nbsp;</p>\r\n<p>&nbsp;</p>\r\n<p>Pellentesque habitant morbi tristique senectus et netus et malesuada fames ac turpis egestas. Mauris ut tortor vitae velit fermentum consequat. Fusce ullamcorper lectus eu massa lacinia, ac efficitur ipsum ultricies. Nam in nisi nec arcu faucibus sagittis eget in nisi. Duis auctor dui quis turpis facilisis, eu posuere sem finibus.&nbsp;</p>\r\n<p>&nbsp;</p>\r\n<p>Vestibulum tristique enim id odio ultrices, id commodo nunc vulputate. Donec et urna vel ipsum pulvinar vehicula. Nam quis libero et urna vestibulum ultricies vel et dui. Integer consectetur, mauris a ultricies commodo, odio dui ultricies justo, vel convallis nulla ipsum vitae nisi. Sed id ipsum ut arcu convallis auctor. Sed in vestibulum tortor.</p>', '../blog_uploads/php946A.tmp', 'StoryCrafters', 0, 0),
(7, 'Stay in the Loop: The Latest News and Updates from Ticket..', '<p>Lorem ipsum dolor sit amet, consectetur adipiscing elit. Sed tempor felis a turpis placerat, sit amet commodo purus gravida. Nullam id consectetur velit. Nullam dapibus nisl et arcu ultricies, vel placerat felis aliquet. Integer et justo vel magna ullamcorper vestibulum nec nec nulla. Sed eleifend sit amet velit nec dapibus.&nbsp;</p>\r\n<p>&nbsp;</p>\r\n<p>Pellentesque habitant morbi tristique senectus et netus et malesuada fames ac turpis egestas. Mauris ut tortor vitae velit fermentum consequat. Fusce ullamcorper lectus eu massa lacinia, ac efficitur ipsum ultricies. Nam in nisi nec arcu faucibus sagittis eget in nisi. Duis auctor dui quis turpis facilisis, eu posuere sem finibus.&nbsp;</p>\r\n<p>&nbsp;</p>\r\n<p>Vestibulum tristique enim id odio ultrices, id commodo nunc vulputate. Donec et urna vel ipsum pulvinar vehicula. Nam quis libero et urna vestibulum ultricies vel et dui. Integer consectetur, mauris a ultricies commodo, odio dui ultricies justo, vel convallis nulla ipsum vitae nisi. Sed id ipsum ut arcu convallis auctor. Sed in vestibulum tortor.</p>', '../blog_uploads/php4F8D.tmp', 'NarrativeNest', 0, 0),
(8, 'The Ultimate Concert Survival Guide: Tips and Tricks from...', '<p>Lorem ipsum dolor sit amet, consectetur adipiscing elit. Sed tempor felis a turpis placerat, sit amet commodo purus gravida. Nullam id consectetur velit. Nullam dapibus nisl et arcu ultricies, vel placerat felis aliquet. Integer et justo vel magna ullamcorper vestibulum nec nec nulla. Sed eleifend sit amet velit nec dapibus.&nbsp;</p>\r\n<p>&nbsp;</p>\r\n<p>Pellentesque habitant morbi tristique senectus et netus et malesuada fames ac turpis egestas. Mauris ut tortor vitae velit fermentum consequat. Fusce ullamcorper lectus eu massa lacinia, ac efficitur ipsum ultricies. Nam in nisi nec arcu faucibus sagittis eget in nisi. Duis auctor dui quis turpis facilisis, eu posuere sem finibus.&nbsp;</p>\r\n<p>&nbsp;</p>\r\n<p>Vestibulum tristique enim id odio ultrices, id commodo nunc vulputate. Donec et urna vel ipsum pulvinar vehicula. Nam quis libero et urna vestibulum ultricies vel et dui. Integer consectetur, mauris a ultricies commodo, odio dui ultricies justo, vel convallis nulla ipsum vitae nisi. Sed id ipsum ut arcu convallis auctor. Sed in vestibulum tortor.</p>', '../blog_uploads/php223F.tmp', 'PenPalace', 0, 0),
(9, 'Behind the Scenes: How Ticket Now Ensures Authenticity', '<p>Lorem ipsum dolor sit amet, consectetur adipiscing elit. Sed tempor felis a turpis placerat, sit amet commodo purus gravida. Nullam id consectetur velit. Nullam dapibus nisl et arcu ultricies, vel placerat felis aliquet. Integer et justo vel magna ullamcorper vestibulum nec nec nulla. Sed eleifend sit amet velit nec dapibus.&nbsp;</p>\r\n<p>&nbsp;</p>\r\n<p>Pellentesque habitant morbi tristique senectus et netus et malesuada fames ac turpis egestas. Mauris ut tortor vitae velit fermentum consequat. Fusce ullamcorper lectus eu massa lacinia, ac efficitur ipsum ultricies. Nam in nisi nec arcu faucibus sagittis eget in nisi. Duis auctor dui quis turpis facilisis, eu posuere sem finibus.&nbsp;</p>\r\n<p>&nbsp;</p>\r\n<p>Vestibulum tristique enim id odio ultrices, id commodo nunc vulputate. Donec et urna vel ipsum pulvinar vehicula. Nam quis libero et urna vestibulum ultricies vel et dui. Integer consectetur, mauris a ultricies commodo, odio dui ultricies justo, vel convallis nulla ipsum vitae nisi. Sed id ipsum ut arcu convallis auctor. Sed in vestibulum tortor.</p>', '../blog_uploads/php8E68.tmp', 'PenPalace', 0, 0);

-- --------------------------------------------------------

--
-- Table structure for table `concerts`
--

CREATE TABLE `concerts` (
  `concertID` int(11) NOT NULL,
  `concertName` varchar(255) NOT NULL,
  `artist` varchar(255) NOT NULL,
  `date` date NOT NULL,
  `time` time NOT NULL,
  `venueID` int(11) DEFAULT NULL,
  `image` varchar(255) DEFAULT NULL,
  `seatPlanImage` varchar(255) DEFAULT NULL
) ENGINE=InnoDB DEFAULT CHARSET=utf8mb4 COLLATE=utf8mb4_general_ci;

--
-- Dumping data for table `concerts`
--

INSERT INTO `concerts` (`concertID`, `concertName`, `artist`, `date`, `time`, `venueID`, `image`, `seatPlanImage`) VALUES
(1, 'OUR ZONE SB19 Concert', 'SB19', '2024-04-26', '00:00:00', 4, 'SB19 PSTR.jpg', 'SEAT PLAN 200.png'),
(2, 'Braver Moira Concert', 'SB19', '2024-05-19', '00:00:00', 2, 'Moira Braver PSTR.jpg', 'SEAT PLAN 155.png'),
(3, 'Hev Abi: Morato Most Wanted – The Hev Abi Concert', 'Hev Abi', '2024-05-28', '00:00:00', 2, 'Screenshot 2024-04-06 151317.png', 'SEAT PLAN 155.png'),
(6, 'BINI: BINIverse – THE FIRST SOLO CONCERT', 'Bini', '2024-06-28', '00:00:00', 2, 'Screenshot 2024-04-06 151511.png', 'SEAT PLAN 155.png'),
(8, 'KAIA: 2nd Anniversary Fan Concert', 'KAIA', '2024-05-20', '00:00:00', 4, 'Screenshot 2024-04-06 151059.png', 'SEAT PLAN 200.png'),
(10, 'Darren Espanto: D10', 'Darren Espanto', '2024-06-01', '00:00:00', 5, 'Screenshot 2024-04-06 151430.png', 'SEAT PLAN 185.png'),
(11, 'Regine Rocks: The Repeat', 'Regine Velasquez', '2024-05-15', '00:00:00', 4, 'Screenshot 2024-04-06 151204.png', 'SEAT PLAN 200.png'),
(12, 'KZ Xperience: A KZ Tandingan Concert', 'Kz Tandingan', '2024-08-12', '00:00:00', 5, 'KZ Xperience PSTR.jpg', 'SEAT PLAN 185.png'),
(13, 'Cup of Joe: Seatbelts First Solo Concert on!', 'Cup of Joe', '2024-09-15', '00:00:00', 2, 'Cup Of Joe PSTR.jpg', 'SEAT PLAN 155.png'),
(14, 'Ben & Ben: KUWADERNO', 'Ben & Ben', '2024-08-13', '00:00:00', 4, 'BEN & BEN PSTR.jpg', 'SEAT PLAN 200.png'),
(15, 'Sara Geronimo: SG20 The 20th Anniversary Concert', 'Sarah Geronimo', '2024-11-13', '00:00:00', 2, 'SG20 PSTR.jpg', 'SEAT PLAN 155.png'),
(16, 'Gary V: Pure Energy One Last Time', 'Gary Valenciano', '2024-04-25', '00:00:00', 5, 'Screenshot 2024-04-06 151233.png', 'SEAT PLAN 185.png'),
(17, 'SB19: PAGTATAG! FINALE', 'SB19', '2024-05-19', '00:00:00', 4, 'Screenshot 2024-04-06 151350.png', 'SEAT PLAN 200.png'),
(18, 'Kitchie Nadal: 20th Anniversary Concert – Same Ground', 'Kitchie Nadal', '2024-06-02', '00:00:00', 2, 'Screenshot (291).png', 'SEAT PLAN 155.png'),
(19, 'Bullet Dumas: Nananatili', 'Bullet Dumas', '2024-06-08', '00:00:00', 5, 'Screenshot 2024-04-23 095630.png', 'SEAT PLAN 185.png'),
(20, 'Always Loved: A Pops Fernandez Concert', 'Pop Fernandez', '2024-11-05', '00:00:00', 4, 'Screenshot 2024-04-23 100004.png', 'SEAT PLAN 200.png');

-- --------------------------------------------------------

--
-- Table structure for table `contactmessages`
--

CREATE TABLE `contactmessages` (
  `messageID` int(11) NOT NULL,
  `name` varchar(255) NOT NULL,
  `email` varchar(255) NOT NULL,
  `message` text NOT NULL,
  `category` varchar(50) NOT NULL DEFAULT 'Other',
  `created_at` timestamp NOT NULL DEFAULT current_timestamp()
) ENGINE=InnoDB DEFAULT CHARSET=utf8mb4 COLLATE=utf8mb4_general_ci;

-- --------------------------------------------------------

--
-- Table structure for table `postlikes`
--

CREATE TABLE `postlikes` (
  `likeID` int(11) NOT NULL,
  `postID` int(11) NOT NULL,
  `userID` int(11) NOT NULL,
  `action` enum('like','dislike') NOT NULL
) ENGINE=InnoDB DEFAULT CHARSET=utf8mb4 COLLATE=utf8mb4_general_ci;

-- --------------------------------------------------------

--
-- Table structure for table `reservations`
--

CREATE TABLE `reservations` (
  `reservationID` int(11) NOT NULL,
  `userID` int(11) DEFAULT NULL,
  `seatID` int(11) DEFAULT NULL,
  `concertID` int(11) DEFAULT NULL,
  `seatPlanID` int(11) DEFAULT NULL,
  `numberOfTickets` int(11) DEFAULT NULL,
  `paymentMethod` varchar(255) NOT NULL,
  `totalPrice` decimal(10,2) NOT NULL
) ENGINE=InnoDB DEFAULT CHARSET=utf8mb4 COLLATE=utf8mb4_general_ci;

-- --------------------------------------------------------

--
-- Table structure for table `seatplans`
--

CREATE TABLE `seatplans` (
  `seatPlanID` int(11) NOT NULL,
  `concertID` int(11) DEFAULT NULL,
  `seatPlanName` varchar(255) NOT NULL,
  `quantity` int(11) NOT NULL,
  `ticketPrice` decimal(10,2) NOT NULL
) ENGINE=InnoDB DEFAULT CHARSET=utf8mb4 COLLATE=utf8mb4_general_ci;

--
-- Dumping data for table `seatplans`
--

INSERT INTO `seatplans` (`seatPlanID`, `concertID`, `seatPlanName`, `quantity`, `ticketPrice`) VALUES
(1, 1, 'VIP', 47, 3000.00),
(2, 1, 'LOWER BOX', 28, 2500.00),
(3, 1, 'UPPER BOX', 63, 1500.00),
(4, 1, 'GEN AD', 63, 1000.00),
(5, 2, 'VIP', 36, 3000.00),
(6, 2, 'LOWER BOX', 37, 2500.00),
(7, 2, 'UPPER BOX', 37, 1500.00),
(8, 2, 'GEN AD', 45, 1000.00),
(9, 3, 'VIP', 36, 3000.00),
(10, 3, 'LOWER BOX', 37, 2500.00),
(11, 3, 'UPPER BOX', 37, 1500.00),
(12, 3, 'GEN AD', 45, 1000.00),
(21, 6, 'VIP', 36, 3000.00),
(22, 6, 'LOWER BOX', 37, 2500.00),
(23, 6, 'UPPER BOX', 37, 1500.00),
(24, 6, 'GEN AD', 45, 1000.00),
(29, 8, 'VIP', 47, 3000.00),
(30, 8, 'LOWER BOX', 28, 2500.00),
(31, 8, 'UPPER BOX', 63, 1500.00),
(32, 8, 'GEN AD', 62, 1000.00),
(37, 10, 'VIP', 43, 3000.00),
(38, 10, 'LOWER BOX', 53, 2500.00),
(39, 10, 'UPPER BOX', 34, 1500.00),
(40, 10, 'GEN AD', 55, 1000.00),
(41, 11, 'VIP', 47, 3000.00),
(42, 11, 'LOWER BOX', 28, 2500.00),
(43, 11, 'UPPER BOX', 63, 1500.00),
(44, 11, 'GEN AD', 62, 1000.00),
(45, 12, 'VIP', 43, 3000.00),
(46, 12, 'LOWER BOX', 53, 2500.00),
(47, 12, 'UPPER BOX', 34, 1500.00),
(48, 12, 'GEN AD', 55, 1000.00),
(49, 13, 'VIP', 36, 3000.00),
(50, 13, 'LOWER BOX', 37, 2500.00),
(51, 13, 'UPPER BOX', 37, 1500.00),
(52, 13, 'GEN AD', 45, 1000.00),
(53, 14, 'VIP', 47, 3000.00),
(54, 14, 'LOWER BOX', 28, 2500.00),
(55, 14, 'UPPER BOX', 63, 1500.00),
(56, 14, 'GEN AD', 62, 1000.00),
(57, 15, 'VIP', 36, 3000.00),
(58, 15, 'LOWER BOX', 37, 2500.00),
(59, 15, 'UPPER BOX', 37, 1500.00),
(60, 15, 'GEN AD', 45, 1000.00),
(61, 16, 'VIP', 43, 3000.00),
(62, 16, 'LOWER BOX', 53, 2500.00),
(63, 16, 'UPPER BOX', 34, 1500.00),
(64, 16, 'GEN AD', 45, 1000.00),
(65, 17, 'VIP', 47, 3000.00),
(66, 17, 'LOWER BOX', 28, 2500.00),
(67, 17, 'UPPER BOX', 63, 1500.00),
(68, 17, 'GEN AD', 62, 1000.00),
(69, 18, 'VIP', 36, 3000.00),
(70, 18, 'LOWER BOX', 37, 2500.00),
(71, 18, 'UPPER BOX', 37, 1500.00),
(72, 18, 'GEN AD', 45, 1000.00),
(73, 19, 'VIP', 43, 3000.00),
(74, 19, 'LOWER BOX', 53, 2500.00),
(75, 19, 'UPPER BOX', 34, 1500.00),
(76, 19, 'GEN AD', 55, 1000.00),
(77, 20, 'VIP', 47, 3000.00),
(78, 20, 'LOWER BOX', 28, 2500.00),
(79, 20, 'UPPER BOX', 63, 1500.00),
(80, 20, 'GEN AD', 62, 1000.00);

-- --------------------------------------------------------

--
-- Table structure for table `seats`
--

CREATE TABLE `seats` (
  `seatID` int(11) NOT NULL,
  `concertID` int(11) DEFAULT NULL,
  `seatPlanID` int(11) DEFAULT NULL,
  `seatNumber` int(11) NOT NULL,
  `ticketPrice` decimal(10,2) NOT NULL,
  `availability` enum('available','reserved') NOT NULL
) ENGINE=InnoDB DEFAULT CHARSET=utf8mb4 COLLATE=utf8mb4_general_ci;

--
-- Dumping data for table `seats`
--

INSERT INTO `seats` (`seatID`, `concertID`, `seatPlanID`, `seatNumber`, `ticketPrice`, `availability`) VALUES
(1, 1, 1, 1, 0.00, 'available'),
(2, 1, 1, 2, 0.00, 'available'),
(3, 1, 1, 3, 0.00, 'available'),
(4, 1, 1, 4, 0.00, 'available'),
(5, 1, 1, 5, 0.00, 'available'),
(6, 1, 1, 6, 0.00, 'available'),
(7, 1, 1, 7, 0.00, 'available'),
(8, 1, 1, 8, 0.00, 'available'),
(9, 1, 1, 9, 0.00, 'available'),
(10, 1, 1, 10, 0.00, 'available'),
(11, 1, 1, 11, 0.00, 'available'),
(12, 1, 1, 12, 0.00, 'available'),
(13, 1, 1, 13, 0.00, 'available'),
(14, 1, 1, 14, 0.00, 'available'),
(15, 1, 1, 15, 0.00, 'available'),
(16, 1, 1, 16, 0.00, 'available'),
(17, 1, 1, 17, 0.00, 'available'),
(18, 1, 1, 18, 0.00, 'available'),
(19, 1, 1, 19, 0.00, 'available'),
(20, 1, 1, 20, 0.00, 'available'),
(21, 1, 1, 21, 0.00, 'available'),
(22, 1, 1, 22, 0.00, 'available'),
(23, 1, 1, 23, 0.00, 'available'),
(24, 1, 1, 24, 0.00, 'available'),
(25, 1, 1, 25, 0.00, 'available'),
(26, 1, 1, 26, 0.00, 'available'),
(27, 1, 1, 27, 0.00, 'available'),
(28, 1, 1, 28, 0.00, 'available'),
(29, 1, 1, 29, 0.00, 'available'),
(30, 1, 1, 30, 0.00, 'available'),
(31, 1, 1, 31, 0.00, 'available'),
(32, 1, 1, 32, 0.00, 'available'),
(33, 1, 1, 33, 0.00, 'available'),
(34, 1, 1, 34, 0.00, 'available'),
(35, 1, 1, 35, 0.00, 'available'),
(36, 1, 1, 36, 0.00, 'available'),
(37, 1, 1, 37, 0.00, 'available'),
(38, 1, 1, 38, 0.00, 'available'),
(39, 1, 1, 39, 0.00, 'available'),
(40, 1, 1, 40, 0.00, 'available'),
(41, 1, 1, 41, 0.00, 'available'),
(42, 1, 1, 42, 0.00, 'available'),
(43, 1, 1, 43, 0.00, 'available'),
(44, 1, 1, 44, 0.00, 'available'),
(45, 1, 1, 45, 0.00, 'available'),
(46, 1, 1, 46, 0.00, 'available'),
(47, 1, 1, 47, 0.00, 'available'),
(48, 1, 2, 48, 0.00, 'available'),
(49, 1, 2, 49, 0.00, 'available'),
(50, 1, 2, 50, 0.00, 'available'),
(51, 1, 2, 51, 0.00, 'available'),
(52, 1, 2, 52, 0.00, 'available'),
(53, 1, 2, 53, 0.00, 'available'),
(54, 1, 2, 54, 0.00, 'available'),
(55, 1, 2, 55, 0.00, 'available'),
(56, 1, 2, 56, 0.00, 'available'),
(57, 1, 2, 57, 0.00, 'available'),
(58, 1, 2, 58, 0.00, 'available'),
(59, 1, 2, 59, 0.00, 'available'),
(60, 1, 2, 60, 0.00, 'available'),
(61, 1, 2, 61, 0.00, 'available'),
(62, 1, 2, 62, 0.00, 'available'),
(63, 1, 2, 63, 0.00, 'available'),
(64, 1, 2, 64, 0.00, 'available'),
(65, 1, 2, 65, 0.00, 'available'),
(66, 1, 2, 66, 0.00, 'available'),
(67, 1, 2, 67, 0.00, 'available'),
(68, 1, 2, 68, 0.00, 'available'),
(69, 1, 2, 69, 0.00, 'available'),
(70, 1, 2, 70, 0.00, 'available'),
(71, 1, 2, 71, 0.00, 'available'),
(72, 1, 2, 72, 0.00, 'available'),
(73, 1, 2, 73, 0.00, 'available'),
(74, 1, 2, 74, 0.00, 'available'),
(75, 1, 2, 75, 0.00, 'available'),
(76, 1, 3, 76, 0.00, 'available'),
(77, 1, 3, 77, 0.00, 'available'),
(78, 1, 3, 78, 0.00, 'available'),
(79, 1, 3, 79, 0.00, 'available'),
(80, 1, 3, 80, 0.00, 'available'),
(81, 1, 3, 81, 0.00, 'available'),
(82, 1, 3, 82, 0.00, 'available'),
(83, 1, 3, 83, 0.00, 'available'),
(84, 1, 3, 84, 0.00, 'available'),
(85, 1, 3, 85, 0.00, 'available'),
(86, 1, 3, 86, 0.00, 'available'),
(87, 1, 3, 87, 0.00, 'available'),
(88, 1, 3, 88, 0.00, 'available'),
(89, 1, 3, 89, 0.00, 'available'),
(90, 1, 3, 90, 0.00, 'available'),
(91, 1, 3, 91, 0.00, 'available'),
(92, 1, 3, 92, 0.00, 'available'),
(93, 1, 3, 93, 0.00, 'available'),
(94, 1, 3, 94, 0.00, 'available'),
(95, 1, 3, 95, 0.00, 'available'),
(96, 1, 3, 96, 0.00, 'available'),
(97, 1, 3, 97, 0.00, 'available'),
(98, 1, 3, 98, 0.00, 'available'),
(99, 1, 3, 99, 0.00, 'available'),
(100, 1, 3, 100, 0.00, 'available'),
(101, 1, 3, 101, 0.00, 'available'),
(102, 1, 3, 102, 0.00, 'available'),
(103, 1, 3, 103, 0.00, 'available'),
(104, 1, 3, 104, 0.00, 'available'),
(105, 1, 3, 105, 0.00, 'available'),
(106, 1, 3, 106, 0.00, 'available'),
(107, 1, 3, 107, 0.00, 'available'),
(108, 1, 3, 108, 0.00, 'available'),
(109, 1, 3, 109, 0.00, 'available'),
(110, 1, 3, 110, 0.00, 'available'),
(111, 1, 3, 111, 0.00, 'available'),
(112, 1, 3, 112, 0.00, 'available'),
(113, 1, 3, 113, 0.00, 'available'),
(114, 1, 3, 114, 0.00, 'available'),
(115, 1, 3, 115, 0.00, 'available'),
(116, 1, 3, 116, 0.00, 'available'),
(117, 1, 3, 117, 0.00, 'available'),
(118, 1, 3, 118, 0.00, 'available'),
(119, 1, 3, 119, 0.00, 'available'),
(120, 1, 3, 120, 0.00, 'available'),
(121, 1, 3, 121, 0.00, 'available'),
(122, 1, 3, 122, 0.00, 'available'),
(123, 1, 3, 123, 0.00, 'available'),
(124, 1, 3, 124, 0.00, 'available'),
(125, 1, 3, 125, 0.00, 'available'),
(126, 1, 3, 126, 0.00, 'available'),
(127, 1, 3, 127, 0.00, 'available'),
(128, 1, 3, 128, 0.00, 'available'),
(129, 1, 3, 129, 0.00, 'available'),
(130, 1, 3, 130, 0.00, 'available'),
(131, 1, 3, 131, 0.00, 'available'),
(132, 1, 3, 132, 0.00, 'available'),
(133, 1, 3, 133, 0.00, 'available'),
(134, 1, 3, 134, 0.00, 'available'),
(135, 1, 3, 135, 0.00, 'available'),
(136, 1, 3, 136, 0.00, 'available'),
(137, 1, 3, 137, 0.00, 'available'),
(138, 1, 3, 138, 0.00, 'available'),
(139, 1, 4, 139, 0.00, 'available'),
(140, 1, 4, 140, 0.00, 'available'),
(141, 1, 4, 141, 0.00, 'available'),
(142, 1, 4, 142, 0.00, 'available'),
(143, 1, 4, 143, 0.00, 'available'),
(144, 1, 4, 144, 0.00, 'available'),
(145, 1, 4, 145, 0.00, 'available'),
(146, 1, 4, 146, 0.00, 'available'),
(147, 1, 4, 147, 0.00, 'available'),
(148, 1, 4, 148, 0.00, 'available'),
(149, 1, 4, 149, 0.00, 'available'),
(150, 1, 4, 150, 0.00, 'available'),
(151, 1, 4, 151, 0.00, 'available'),
(152, 1, 4, 152, 0.00, 'available'),
(153, 1, 4, 153, 0.00, 'available'),
(154, 1, 4, 154, 0.00, 'available'),
(155, 1, 4, 155, 0.00, 'available'),
(156, 1, 4, 156, 0.00, 'available'),
(157, 1, 4, 157, 0.00, 'available'),
(158, 1, 4, 158, 0.00, 'available'),
(159, 1, 4, 159, 0.00, 'available'),
(160, 1, 4, 160, 0.00, 'available'),
(161, 1, 4, 161, 0.00, 'available'),
(162, 1, 4, 162, 0.00, 'available'),
(163, 1, 4, 163, 0.00, 'available'),
(164, 1, 4, 164, 0.00, 'available'),
(165, 1, 4, 165, 0.00, 'available'),
(166, 1, 4, 166, 0.00, 'available'),
(167, 1, 4, 167, 0.00, 'available'),
(168, 1, 4, 168, 0.00, 'available'),
(169, 1, 4, 169, 0.00, 'available'),
(170, 1, 4, 170, 0.00, 'available'),
(171, 1, 4, 171, 0.00, 'available'),
(172, 1, 4, 172, 0.00, 'available'),
(173, 1, 4, 173, 0.00, 'available'),
(174, 1, 4, 174, 0.00, 'available'),
(175, 1, 4, 175, 0.00, 'available'),
(176, 1, 4, 176, 0.00, 'available'),
(177, 1, 4, 177, 0.00, 'available'),
(178, 1, 4, 178, 0.00, 'available'),
(179, 1, 4, 179, 0.00, 'available'),
(180, 1, 4, 180, 0.00, 'available'),
(181, 1, 4, 181, 0.00, 'available'),
(182, 1, 4, 182, 0.00, 'available'),
(183, 1, 4, 183, 0.00, 'available'),
(184, 1, 4, 184, 0.00, 'available'),
(185, 1, 4, 185, 0.00, 'available'),
(186, 1, 4, 186, 0.00, 'available'),
(187, 1, 4, 187, 0.00, 'available'),
(188, 1, 4, 188, 0.00, 'available'),
(189, 1, 4, 189, 0.00, 'available'),
(190, 1, 4, 190, 0.00, 'available'),
(191, 1, 4, 191, 0.00, 'available'),
(192, 1, 4, 192, 0.00, 'available'),
(193, 1, 4, 193, 0.00, 'available'),
(194, 1, 4, 194, 0.00, 'available'),
(195, 1, 4, 195, 0.00, 'available'),
(196, 1, 4, 196, 0.00, 'available'),
(197, 1, 4, 197, 0.00, 'available'),
(198, 1, 4, 198, 0.00, 'available'),
(199, 1, 4, 199, 0.00, 'available'),
(200, 1, 4, 200, 0.00, 'available'),
(201, 1, 4, 201, 0.00, 'available'),
(202, 2, 5, 1, 0.00, 'available'),
(203, 2, 5, 2, 0.00, 'available'),
(204, 2, 5, 3, 0.00, 'available'),
(205, 2, 5, 4, 0.00, 'available'),
(206, 2, 5, 5, 0.00, 'available'),
(207, 2, 5, 6, 0.00, 'available'),
(208, 2, 5, 7, 0.00, 'available'),
(209, 2, 5, 8, 0.00, 'available'),
(210, 2, 5, 9, 0.00, 'available'),
(211, 2, 5, 10, 0.00, 'available'),
(212, 2, 5, 11, 0.00, 'available'),
(213, 2, 5, 12, 0.00, 'available'),
(214, 2, 5, 13, 0.00, 'available'),
(215, 2, 5, 14, 0.00, 'available'),
(216, 2, 5, 15, 0.00, 'available'),
(217, 2, 5, 16, 0.00, 'available'),
(218, 2, 5, 17, 0.00, 'available'),
(219, 2, 5, 18, 0.00, 'available'),
(220, 2, 5, 19, 0.00, 'available'),
(221, 2, 5, 20, 0.00, 'available'),
(222, 2, 5, 21, 0.00, 'available'),
(223, 2, 5, 22, 0.00, 'available'),
(224, 2, 5, 23, 0.00, 'available'),
(225, 2, 5, 24, 0.00, 'available'),
(226, 2, 5, 25, 0.00, 'available'),
(227, 2, 5, 26, 0.00, 'available'),
(228, 2, 5, 27, 0.00, 'available'),
(229, 2, 5, 28, 0.00, 'available'),
(230, 2, 5, 29, 0.00, 'available'),
(231, 2, 5, 30, 0.00, 'available'),
(232, 2, 5, 31, 0.00, 'available'),
(233, 2, 5, 32, 0.00, 'available'),
(234, 2, 5, 33, 0.00, 'available'),
(235, 2, 5, 34, 0.00, 'available'),
(236, 2, 5, 35, 0.00, 'available'),
(237, 2, 5, 36, 0.00, 'available'),
(238, 2, 6, 37, 0.00, 'available'),
(239, 2, 6, 38, 0.00, 'available'),
(240, 2, 6, 39, 0.00, 'available'),
(241, 2, 6, 40, 0.00, 'available'),
(242, 2, 6, 41, 0.00, 'available'),
(243, 2, 6, 42, 0.00, 'available'),
(244, 2, 6, 43, 0.00, 'available'),
(245, 2, 6, 44, 0.00, 'available'),
(246, 2, 6, 45, 0.00, 'available'),
(247, 2, 6, 46, 0.00, 'available'),
(248, 2, 6, 47, 0.00, 'available'),
(249, 2, 6, 48, 0.00, 'available'),
(250, 2, 6, 49, 0.00, 'available'),
(251, 2, 6, 50, 0.00, 'available'),
(252, 2, 6, 51, 0.00, 'available'),
(253, 2, 6, 52, 0.00, 'available'),
(254, 2, 6, 53, 0.00, 'available'),
(255, 2, 6, 54, 0.00, 'available'),
(256, 2, 6, 55, 0.00, 'available'),
(257, 2, 6, 56, 0.00, 'available'),
(258, 2, 6, 57, 0.00, 'available'),
(259, 2, 6, 58, 0.00, 'available'),
(260, 2, 6, 59, 0.00, 'available'),
(261, 2, 6, 60, 0.00, 'available'),
(262, 2, 6, 61, 0.00, 'available'),
(263, 2, 6, 62, 0.00, 'available'),
(264, 2, 6, 63, 0.00, 'available'),
(265, 2, 6, 64, 0.00, 'available'),
(266, 2, 6, 65, 0.00, 'available'),
(267, 2, 6, 66, 0.00, 'available'),
(268, 2, 6, 67, 0.00, 'available'),
(269, 2, 6, 68, 0.00, 'available'),
(270, 2, 6, 69, 0.00, 'available'),
(271, 2, 6, 70, 0.00, 'available'),
(272, 2, 6, 71, 0.00, 'available'),
(273, 2, 6, 72, 0.00, 'available'),
(274, 2, 6, 73, 0.00, 'available'),
(275, 2, 7, 74, 0.00, 'available'),
(276, 2, 7, 75, 0.00, 'available'),
(277, 2, 7, 76, 0.00, 'available'),
(278, 2, 7, 77, 0.00, 'available'),
(279, 2, 7, 78, 0.00, 'available'),
(280, 2, 7, 79, 0.00, 'available'),
(281, 2, 7, 80, 0.00, 'available'),
(282, 2, 7, 81, 0.00, 'available'),
(283, 2, 7, 82, 0.00, 'available'),
(284, 2, 7, 83, 0.00, 'available'),
(285, 2, 7, 84, 0.00, 'available'),
(286, 2, 7, 85, 0.00, 'available'),
(287, 2, 7, 86, 0.00, 'available'),
(288, 2, 7, 87, 0.00, 'available'),
(289, 2, 7, 88, 0.00, 'available'),
(290, 2, 7, 89, 0.00, 'available'),
(291, 2, 7, 90, 0.00, 'available'),
(292, 2, 7, 91, 0.00, 'available'),
(293, 2, 7, 92, 0.00, 'available'),
(294, 2, 7, 93, 0.00, 'available'),
(295, 2, 7, 94, 0.00, 'available'),
(296, 2, 7, 95, 0.00, 'available'),
(297, 2, 7, 96, 0.00, 'available'),
(298, 2, 7, 97, 0.00, 'available'),
(299, 2, 7, 98, 0.00, 'available'),
(300, 2, 7, 99, 0.00, 'available'),
(301, 2, 7, 100, 0.00, 'available'),
(302, 2, 7, 101, 0.00, 'available'),
(303, 2, 7, 102, 0.00, 'available'),
(304, 2, 7, 103, 0.00, 'available'),
(305, 2, 7, 104, 0.00, 'available'),
(306, 2, 7, 105, 0.00, 'available'),
(307, 2, 7, 106, 0.00, 'available'),
(308, 2, 7, 107, 0.00, 'available'),
(309, 2, 7, 108, 0.00, 'available'),
(310, 2, 7, 109, 0.00, 'available'),
(311, 2, 7, 110, 0.00, 'available'),
(312, 2, 8, 111, 0.00, 'available'),
(313, 2, 8, 112, 0.00, 'available'),
(314, 2, 8, 113, 0.00, 'available'),
(315, 2, 8, 114, 0.00, 'available'),
(316, 2, 8, 115, 0.00, 'available'),
(317, 2, 8, 116, 0.00, 'available'),
(318, 2, 8, 117, 0.00, 'available'),
(319, 2, 8, 118, 0.00, 'available'),
(320, 2, 8, 119, 0.00, 'available'),
(321, 2, 8, 120, 0.00, 'available'),
(322, 2, 8, 121, 0.00, 'available'),
(323, 2, 8, 122, 0.00, 'available'),
(324, 2, 8, 123, 0.00, 'available'),
(325, 2, 8, 124, 0.00, 'available'),
(326, 2, 8, 125, 0.00, 'available'),
(327, 2, 8, 126, 0.00, 'available'),
(328, 2, 8, 127, 0.00, 'available'),
(329, 2, 8, 128, 0.00, 'available'),
(330, 2, 8, 129, 0.00, 'available'),
(331, 2, 8, 130, 0.00, 'available'),
(332, 2, 8, 131, 0.00, 'available'),
(333, 2, 8, 132, 0.00, 'available'),
(334, 2, 8, 133, 0.00, 'available'),
(335, 2, 8, 134, 0.00, 'available'),
(336, 2, 8, 135, 0.00, 'available'),
(337, 2, 8, 136, 0.00, 'available'),
(338, 2, 8, 137, 0.00, 'available'),
(339, 2, 8, 138, 0.00, 'available'),
(340, 2, 8, 139, 0.00, 'available'),
(341, 2, 8, 140, 0.00, 'available'),
(342, 2, 8, 141, 0.00, 'available'),
(343, 2, 8, 142, 0.00, 'available'),
(344, 2, 8, 143, 0.00, 'available'),
(345, 2, 8, 144, 0.00, 'available'),
(346, 2, 8, 145, 0.00, 'available'),
(347, 2, 8, 146, 0.00, 'available'),
(348, 2, 8, 147, 0.00, 'available'),
(349, 2, 8, 148, 0.00, 'available'),
(350, 2, 8, 149, 0.00, 'available'),
(351, 2, 8, 150, 0.00, 'available'),
(352, 2, 8, 151, 0.00, 'available'),
(353, 2, 8, 152, 0.00, 'available'),
(354, 2, 8, 153, 0.00, 'available'),
(355, 2, 8, 154, 0.00, 'available'),
(356, 2, 8, 155, 0.00, 'available'),
(357, 3, 9, 1, 0.00, 'available'),
(358, 3, 9, 2, 0.00, 'available'),
(359, 3, 9, 3, 0.00, 'available'),
(360, 3, 9, 4, 0.00, 'available'),
(361, 3, 9, 5, 0.00, 'available'),
(362, 3, 9, 6, 0.00, 'available'),
(363, 3, 9, 7, 0.00, 'available'),
(364, 3, 9, 8, 0.00, 'available'),
(365, 3, 9, 9, 0.00, 'available'),
(366, 3, 9, 10, 0.00, 'available'),
(367, 3, 9, 11, 0.00, 'available'),
(368, 3, 9, 12, 0.00, 'available'),
(369, 3, 9, 13, 0.00, 'available'),
(370, 3, 9, 14, 0.00, 'available'),
(371, 3, 9, 15, 0.00, 'available'),
(372, 3, 9, 16, 0.00, 'available'),
(373, 3, 9, 17, 0.00, 'available'),
(374, 3, 9, 18, 0.00, 'available'),
(375, 3, 9, 19, 0.00, 'available'),
(376, 3, 9, 20, 0.00, 'available'),
(377, 3, 9, 21, 0.00, 'available'),
(378, 3, 9, 22, 0.00, 'available'),
(379, 3, 9, 23, 0.00, 'available'),
(380, 3, 9, 24, 0.00, 'available'),
(381, 3, 9, 25, 0.00, 'available'),
(382, 3, 9, 26, 0.00, 'available'),
(383, 3, 9, 27, 0.00, 'available'),
(384, 3, 9, 28, 0.00, 'available'),
(385, 3, 9, 29, 0.00, 'available'),
(386, 3, 9, 30, 0.00, 'available'),
(387, 3, 9, 31, 0.00, 'available'),
(388, 3, 9, 32, 0.00, 'available'),
(389, 3, 9, 33, 0.00, 'available'),
(390, 3, 9, 34, 0.00, 'available'),
(391, 3, 9, 35, 0.00, 'available'),
(392, 3, 9, 36, 0.00, 'available'),
(393, 3, 10, 37, 0.00, 'available'),
(394, 3, 10, 38, 0.00, 'available'),
(395, 3, 10, 39, 0.00, 'available'),
(396, 3, 10, 40, 0.00, 'available'),
(397, 3, 10, 41, 0.00, 'available'),
(398, 3, 10, 42, 0.00, 'available'),
(399, 3, 10, 43, 0.00, 'available'),
(400, 3, 10, 44, 0.00, 'available'),
(401, 3, 10, 45, 0.00, 'available'),
(402, 3, 10, 46, 0.00, 'available'),
(403, 3, 10, 47, 0.00, 'available'),
(404, 3, 10, 48, 0.00, 'available'),
(405, 3, 10, 49, 0.00, 'available'),
(406, 3, 10, 50, 0.00, 'available'),
(407, 3, 10, 51, 0.00, 'available'),
(408, 3, 10, 52, 0.00, 'available'),
(409, 3, 10, 53, 0.00, 'available'),
(410, 3, 10, 54, 0.00, 'available'),
(411, 3, 10, 55, 0.00, 'available'),
(412, 3, 10, 56, 0.00, 'available'),
(413, 3, 10, 57, 0.00, 'available'),
(414, 3, 10, 58, 0.00, 'available'),
(415, 3, 10, 59, 0.00, 'available'),
(416, 3, 10, 60, 0.00, 'available'),
(417, 3, 10, 61, 0.00, 'available'),
(418, 3, 10, 62, 0.00, 'available'),
(419, 3, 10, 63, 0.00, 'available'),
(420, 3, 10, 64, 0.00, 'available'),
(421, 3, 10, 65, 0.00, 'available'),
(422, 3, 10, 66, 0.00, 'available'),
(423, 3, 10, 67, 0.00, 'available'),
(424, 3, 10, 68, 0.00, 'available'),
(425, 3, 10, 69, 0.00, 'available'),
(426, 3, 10, 70, 0.00, 'available'),
(427, 3, 10, 71, 0.00, 'available'),
(428, 3, 10, 72, 0.00, 'available'),
(429, 3, 10, 73, 0.00, 'available'),
(430, 3, 11, 74, 0.00, 'available'),
(431, 3, 11, 75, 0.00, 'available'),
(432, 3, 11, 76, 0.00, 'available'),
(433, 3, 11, 77, 0.00, 'available'),
(434, 3, 11, 78, 0.00, 'available'),
(435, 3, 11, 79, 0.00, 'available'),
(436, 3, 11, 80, 0.00, 'available'),
(437, 3, 11, 81, 0.00, 'available'),
(438, 3, 11, 82, 0.00, 'available'),
(439, 3, 11, 83, 0.00, 'available'),
(440, 3, 11, 84, 0.00, 'available'),
(441, 3, 11, 85, 0.00, 'available'),
(442, 3, 11, 86, 0.00, 'available'),
(443, 3, 11, 87, 0.00, 'available'),
(444, 3, 11, 88, 0.00, 'available'),
(445, 3, 11, 89, 0.00, 'available'),
(446, 3, 11, 90, 0.00, 'available'),
(447, 3, 11, 91, 0.00, 'available'),
(448, 3, 11, 92, 0.00, 'available'),
(449, 3, 11, 93, 0.00, 'available'),
(450, 3, 11, 94, 0.00, 'available'),
(451, 3, 11, 95, 0.00, 'available'),
(452, 3, 11, 96, 0.00, 'available'),
(453, 3, 11, 97, 0.00, 'available'),
(454, 3, 11, 98, 0.00, 'available'),
(455, 3, 11, 99, 0.00, 'available'),
(456, 3, 11, 100, 0.00, 'available'),
(457, 3, 11, 101, 0.00, 'available'),
(458, 3, 11, 102, 0.00, 'available'),
(459, 3, 11, 103, 0.00, 'available'),
(460, 3, 11, 104, 0.00, 'available'),
(461, 3, 11, 105, 0.00, 'available'),
(462, 3, 11, 106, 0.00, 'available'),
(463, 3, 11, 107, 0.00, 'available'),
(464, 3, 11, 108, 0.00, 'available'),
(465, 3, 11, 109, 0.00, 'available'),
(466, 3, 11, 110, 0.00, 'available'),
(467, 3, 12, 111, 0.00, 'available'),
(468, 3, 12, 112, 0.00, 'available'),
(469, 3, 12, 113, 0.00, 'available'),
(470, 3, 12, 114, 0.00, 'available'),
(471, 3, 12, 115, 0.00, 'available'),
(472, 3, 12, 116, 0.00, 'available'),
(473, 3, 12, 117, 0.00, 'available'),
(474, 3, 12, 118, 0.00, 'available'),
(475, 3, 12, 119, 0.00, 'available'),
(476, 3, 12, 120, 0.00, 'available'),
(477, 3, 12, 121, 0.00, 'available'),
(478, 3, 12, 122, 0.00, 'available'),
(479, 3, 12, 123, 0.00, 'available'),
(480, 3, 12, 124, 0.00, 'available'),
(481, 3, 12, 125, 0.00, 'available'),
(482, 3, 12, 126, 0.00, 'available'),
(483, 3, 12, 127, 0.00, 'available'),
(484, 3, 12, 128, 0.00, 'available'),
(485, 3, 12, 129, 0.00, 'available'),
(486, 3, 12, 130, 0.00, 'available'),
(487, 3, 12, 131, 0.00, 'available'),
(488, 3, 12, 132, 0.00, 'available'),
(489, 3, 12, 133, 0.00, 'available'),
(490, 3, 12, 134, 0.00, 'available'),
(491, 3, 12, 135, 0.00, 'available'),
(492, 3, 12, 136, 0.00, 'available'),
(493, 3, 12, 137, 0.00, 'available'),
(494, 3, 12, 138, 0.00, 'available'),
(495, 3, 12, 139, 0.00, 'available'),
(496, 3, 12, 140, 0.00, 'available'),
(497, 3, 12, 141, 0.00, 'available'),
(498, 3, 12, 142, 0.00, 'available'),
(499, 3, 12, 143, 0.00, 'available'),
(500, 3, 12, 144, 0.00, 'available'),
(501, 3, 12, 145, 0.00, 'available'),
(502, 3, 12, 146, 0.00, 'available'),
(503, 3, 12, 147, 0.00, 'available'),
(504, 3, 12, 148, 0.00, 'available'),
(505, 3, 12, 149, 0.00, 'available'),
(506, 3, 12, 150, 0.00, 'available'),
(507, 3, 12, 151, 0.00, 'available'),
(508, 3, 12, 152, 0.00, 'available'),
(509, 3, 12, 153, 0.00, 'available'),
(510, 3, 12, 154, 0.00, 'available'),
(511, 3, 12, 155, 0.00, 'available'),
(856, 6, 21, 1, 0.00, 'available'),
(857, 6, 21, 2, 0.00, 'available'),
(858, 6, 21, 3, 0.00, 'available'),
(859, 6, 21, 4, 0.00, 'available'),
(860, 6, 21, 5, 0.00, 'available'),
(861, 6, 21, 6, 0.00, 'available'),
(862, 6, 21, 7, 0.00, 'available'),
(863, 6, 21, 8, 0.00, 'available'),
(864, 6, 21, 9, 0.00, 'available'),
(865, 6, 21, 10, 0.00, 'available'),
(866, 6, 21, 11, 0.00, 'available'),
(867, 6, 21, 12, 0.00, 'available'),
(868, 6, 21, 13, 0.00, 'available'),
(869, 6, 21, 14, 0.00, 'available'),
(870, 6, 21, 15, 0.00, 'available'),
(871, 6, 21, 16, 0.00, 'available'),
(872, 6, 21, 17, 0.00, 'available'),
(873, 6, 21, 18, 0.00, 'available'),
(874, 6, 21, 19, 0.00, 'available'),
(875, 6, 21, 20, 0.00, 'available'),
(876, 6, 21, 21, 0.00, 'available'),
(877, 6, 21, 22, 0.00, 'available'),
(878, 6, 21, 23, 0.00, 'available'),
(879, 6, 21, 24, 0.00, 'available'),
(880, 6, 21, 25, 0.00, 'available'),
(881, 6, 21, 26, 0.00, 'available'),
(882, 6, 21, 27, 0.00, 'available'),
(883, 6, 21, 28, 0.00, 'available'),
(884, 6, 21, 29, 0.00, 'available'),
(885, 6, 21, 30, 0.00, 'available'),
(886, 6, 21, 31, 0.00, 'available'),
(887, 6, 21, 32, 0.00, 'available'),
(888, 6, 21, 33, 0.00, 'available'),
(889, 6, 21, 34, 0.00, 'available'),
(890, 6, 21, 35, 0.00, 'available'),
(891, 6, 21, 36, 0.00, 'available'),
(892, 6, 22, 37, 0.00, 'available'),
(893, 6, 22, 38, 0.00, 'available'),
(894, 6, 22, 39, 0.00, 'available'),
(895, 6, 22, 40, 0.00, 'available'),
(896, 6, 22, 41, 0.00, 'available'),
(897, 6, 22, 42, 0.00, 'available'),
(898, 6, 22, 43, 0.00, 'available'),
(899, 6, 22, 44, 0.00, 'available'),
(900, 6, 22, 45, 0.00, 'available'),
(901, 6, 22, 46, 0.00, 'available'),
(902, 6, 22, 47, 0.00, 'available'),
(903, 6, 22, 48, 0.00, 'available'),
(904, 6, 22, 49, 0.00, 'available'),
(905, 6, 22, 50, 0.00, 'available'),
(906, 6, 22, 51, 0.00, 'available'),
(907, 6, 22, 52, 0.00, 'available'),
(908, 6, 22, 53, 0.00, 'available'),
(909, 6, 22, 54, 0.00, 'available'),
(910, 6, 22, 55, 0.00, 'available'),
(911, 6, 22, 56, 0.00, 'available'),
(912, 6, 22, 57, 0.00, 'available'),
(913, 6, 22, 58, 0.00, 'available'),
(914, 6, 22, 59, 0.00, 'available'),
(915, 6, 22, 60, 0.00, 'available'),
(916, 6, 22, 61, 0.00, 'available'),
(917, 6, 22, 62, 0.00, 'available'),
(918, 6, 22, 63, 0.00, 'available'),
(919, 6, 22, 64, 0.00, 'available'),
(920, 6, 22, 65, 0.00, 'available'),
(921, 6, 22, 66, 0.00, 'available'),
(922, 6, 22, 67, 0.00, 'available'),
(923, 6, 22, 68, 0.00, 'available'),
(924, 6, 22, 69, 0.00, 'available'),
(925, 6, 22, 70, 0.00, 'available'),
(926, 6, 22, 71, 0.00, 'available'),
(927, 6, 22, 72, 0.00, 'available'),
(928, 6, 22, 73, 0.00, 'available'),
(929, 6, 23, 74, 0.00, 'available'),
(930, 6, 23, 75, 0.00, 'available'),
(931, 6, 23, 76, 0.00, 'available'),
(932, 6, 23, 77, 0.00, 'available'),
(933, 6, 23, 78, 0.00, 'available'),
(934, 6, 23, 79, 0.00, 'available'),
(935, 6, 23, 80, 0.00, 'available'),
(936, 6, 23, 81, 0.00, 'available'),
(937, 6, 23, 82, 0.00, 'available'),
(938, 6, 23, 83, 0.00, 'available'),
(939, 6, 23, 84, 0.00, 'available'),
(940, 6, 23, 85, 0.00, 'available'),
(941, 6, 23, 86, 0.00, 'available'),
(942, 6, 23, 87, 0.00, 'available'),
(943, 6, 23, 88, 0.00, 'available'),
(944, 6, 23, 89, 0.00, 'available'),
(945, 6, 23, 90, 0.00, 'available'),
(946, 6, 23, 91, 0.00, 'available'),
(947, 6, 23, 92, 0.00, 'available'),
(948, 6, 23, 93, 0.00, 'available'),
(949, 6, 23, 94, 0.00, 'available'),
(950, 6, 23, 95, 0.00, 'available'),
(951, 6, 23, 96, 0.00, 'available'),
(952, 6, 23, 97, 0.00, 'available'),
(953, 6, 23, 98, 0.00, 'available'),
(954, 6, 23, 99, 0.00, 'available'),
(955, 6, 23, 100, 0.00, 'available'),
(956, 6, 23, 101, 0.00, 'available'),
(957, 6, 23, 102, 0.00, 'available'),
(958, 6, 23, 103, 0.00, 'available'),
(959, 6, 23, 104, 0.00, 'available'),
(960, 6, 23, 105, 0.00, 'available'),
(961, 6, 23, 106, 0.00, 'available'),
(962, 6, 23, 107, 0.00, 'available'),
(963, 6, 23, 108, 0.00, 'available'),
(964, 6, 23, 109, 0.00, 'available'),
(965, 6, 23, 110, 0.00, 'available'),
(966, 6, 24, 111, 0.00, 'available'),
(967, 6, 24, 112, 0.00, 'available'),
(968, 6, 24, 113, 0.00, 'available'),
(969, 6, 24, 114, 0.00, 'available'),
(970, 6, 24, 115, 0.00, 'available'),
(971, 6, 24, 116, 0.00, 'available'),
(972, 6, 24, 117, 0.00, 'available'),
(973, 6, 24, 118, 0.00, 'available'),
(974, 6, 24, 119, 0.00, 'available'),
(975, 6, 24, 120, 0.00, 'available'),
(976, 6, 24, 121, 0.00, 'available'),
(977, 6, 24, 122, 0.00, 'available'),
(978, 6, 24, 123, 0.00, 'available'),
(979, 6, 24, 124, 0.00, 'available'),
(980, 6, 24, 125, 0.00, 'available'),
(981, 6, 24, 126, 0.00, 'available'),
(982, 6, 24, 127, 0.00, 'available'),
(983, 6, 24, 128, 0.00, 'available'),
(984, 6, 24, 129, 0.00, 'available'),
(985, 6, 24, 130, 0.00, 'available'),
(986, 6, 24, 131, 0.00, 'available'),
(987, 6, 24, 132, 0.00, 'available'),
(988, 6, 24, 133, 0.00, 'available'),
(989, 6, 24, 134, 0.00, 'available'),
(990, 6, 24, 135, 0.00, 'available'),
(991, 6, 24, 136, 0.00, 'available'),
(992, 6, 24, 137, 0.00, 'available'),
(993, 6, 24, 138, 0.00, 'available'),
(994, 6, 24, 139, 0.00, 'available'),
(995, 6, 24, 140, 0.00, 'available'),
(996, 6, 24, 141, 0.00, 'available'),
(997, 6, 24, 142, 0.00, 'available'),
(998, 6, 24, 143, 0.00, 'available'),
(999, 6, 24, 144, 0.00, 'available'),
(1000, 6, 24, 145, 0.00, 'available'),
(1001, 6, 24, 146, 0.00, 'available'),
(1002, 6, 24, 147, 0.00, 'available'),
(1003, 6, 24, 148, 0.00, 'available'),
(1004, 6, 24, 149, 0.00, 'available'),
(1005, 6, 24, 150, 0.00, 'available'),
(1006, 6, 24, 151, 0.00, 'available'),
(1007, 6, 24, 152, 0.00, 'available'),
(1008, 6, 24, 153, 0.00, 'available'),
(1009, 6, 24, 154, 0.00, 'available'),
(1010, 6, 24, 155, 0.00, 'available'),
(1196, 8, 29, 1, 0.00, 'available'),
(1197, 8, 29, 2, 0.00, 'available'),
(1198, 8, 29, 3, 0.00, 'available'),
(1199, 8, 29, 4, 0.00, 'available'),
(1200, 8, 29, 5, 0.00, 'available'),
(1201, 8, 29, 6, 0.00, 'available'),
(1202, 8, 29, 7, 0.00, 'available'),
(1203, 8, 29, 8, 0.00, 'available'),
(1204, 8, 29, 9, 0.00, 'available'),
(1205, 8, 29, 10, 0.00, 'available'),
(1206, 8, 29, 11, 0.00, 'available'),
(1207, 8, 29, 12, 0.00, 'available'),
(1208, 8, 29, 13, 0.00, 'available'),
(1209, 8, 29, 14, 0.00, 'available'),
(1210, 8, 29, 15, 0.00, 'available'),
(1211, 8, 29, 16, 0.00, 'available'),
(1212, 8, 29, 17, 0.00, 'available'),
(1213, 8, 29, 18, 0.00, 'available'),
(1214, 8, 29, 19, 0.00, 'available'),
(1215, 8, 29, 20, 0.00, 'available'),
(1216, 8, 29, 21, 0.00, 'available'),
(1217, 8, 29, 22, 0.00, 'available'),
(1218, 8, 29, 23, 0.00, 'available'),
(1219, 8, 29, 24, 0.00, 'available'),
(1220, 8, 29, 25, 0.00, 'available'),
(1221, 8, 29, 26, 0.00, 'available'),
(1222, 8, 29, 27, 0.00, 'available'),
(1223, 8, 29, 28, 0.00, 'available'),
(1224, 8, 29, 29, 0.00, 'available'),
(1225, 8, 29, 30, 0.00, 'available'),
(1226, 8, 29, 31, 0.00, 'available'),
(1227, 8, 29, 32, 0.00, 'available'),
(1228, 8, 29, 33, 0.00, 'available'),
(1229, 8, 29, 34, 0.00, 'available'),
(1230, 8, 29, 35, 0.00, 'available'),
(1231, 8, 29, 36, 0.00, 'available'),
(1232, 8, 29, 37, 0.00, 'available'),
(1233, 8, 29, 38, 0.00, 'available'),
(1234, 8, 29, 39, 0.00, 'available'),
(1235, 8, 29, 40, 0.00, 'available'),
(1236, 8, 29, 41, 0.00, 'available'),
(1237, 8, 29, 42, 0.00, 'available'),
(1238, 8, 29, 43, 0.00, 'available'),
(1239, 8, 29, 44, 0.00, 'available'),
(1240, 8, 29, 45, 0.00, 'available'),
(1241, 8, 29, 46, 0.00, 'available'),
(1242, 8, 29, 47, 0.00, 'available'),
(1243, 8, 30, 48, 0.00, 'available'),
(1244, 8, 30, 49, 0.00, 'available'),
(1245, 8, 30, 50, 0.00, 'available'),
(1246, 8, 30, 51, 0.00, 'available'),
(1247, 8, 30, 52, 0.00, 'available'),
(1248, 8, 30, 53, 0.00, 'available'),
(1249, 8, 30, 54, 0.00, 'available'),
(1250, 8, 30, 55, 0.00, 'available'),
(1251, 8, 30, 56, 0.00, 'available'),
(1252, 8, 30, 57, 0.00, 'available'),
(1253, 8, 30, 58, 0.00, 'available'),
(1254, 8, 30, 59, 0.00, 'available'),
(1255, 8, 30, 60, 0.00, 'available'),
(1256, 8, 30, 61, 0.00, 'available'),
(1257, 8, 30, 62, 0.00, 'available'),
(1258, 8, 30, 63, 0.00, 'available'),
(1259, 8, 30, 64, 0.00, 'available'),
(1260, 8, 30, 65, 0.00, 'available'),
(1261, 8, 30, 66, 0.00, 'available'),
(1262, 8, 30, 67, 0.00, 'available'),
(1263, 8, 30, 68, 0.00, 'available'),
(1264, 8, 30, 69, 0.00, 'available'),
(1265, 8, 30, 70, 0.00, 'available'),
(1266, 8, 30, 71, 0.00, 'available'),
(1267, 8, 30, 72, 0.00, 'available'),
(1268, 8, 30, 73, 0.00, 'available'),
(1269, 8, 30, 74, 0.00, 'available'),
(1270, 8, 30, 75, 0.00, 'available'),
(1271, 8, 31, 76, 0.00, 'available'),
(1272, 8, 31, 77, 0.00, 'available'),
(1273, 8, 31, 78, 0.00, 'available'),
(1274, 8, 31, 79, 0.00, 'available'),
(1275, 8, 31, 80, 0.00, 'available'),
(1276, 8, 31, 81, 0.00, 'available'),
(1277, 8, 31, 82, 0.00, 'available'),
(1278, 8, 31, 83, 0.00, 'available'),
(1279, 8, 31, 84, 0.00, 'available'),
(1280, 8, 31, 85, 0.00, 'available'),
(1281, 8, 31, 86, 0.00, 'available'),
(1282, 8, 31, 87, 0.00, 'available'),
(1283, 8, 31, 88, 0.00, 'available'),
(1284, 8, 31, 89, 0.00, 'available'),
(1285, 8, 31, 90, 0.00, 'available'),
(1286, 8, 31, 91, 0.00, 'available'),
(1287, 8, 31, 92, 0.00, 'available'),
(1288, 8, 31, 93, 0.00, 'available'),
(1289, 8, 31, 94, 0.00, 'available'),
(1290, 8, 31, 95, 0.00, 'available'),
(1291, 8, 31, 96, 0.00, 'available'),
(1292, 8, 31, 97, 0.00, 'available'),
(1293, 8, 31, 98, 0.00, 'available'),
(1294, 8, 31, 99, 0.00, 'available'),
(1295, 8, 31, 100, 0.00, 'available'),
(1296, 8, 31, 101, 0.00, 'available'),
(1297, 8, 31, 102, 0.00, 'available'),
(1298, 8, 31, 103, 0.00, 'available'),
(1299, 8, 31, 104, 0.00, 'available'),
(1300, 8, 31, 105, 0.00, 'available'),
(1301, 8, 31, 106, 0.00, 'available'),
(1302, 8, 31, 107, 0.00, 'available'),
(1303, 8, 31, 108, 0.00, 'available'),
(1304, 8, 31, 109, 0.00, 'available'),
(1305, 8, 31, 110, 0.00, 'available'),
(1306, 8, 31, 111, 0.00, 'available'),
(1307, 8, 31, 112, 0.00, 'available'),
(1308, 8, 31, 113, 0.00, 'available'),
(1309, 8, 31, 114, 0.00, 'available'),
(1310, 8, 31, 115, 0.00, 'available'),
(1311, 8, 31, 116, 0.00, 'available'),
(1312, 8, 31, 117, 0.00, 'available'),
(1313, 8, 31, 118, 0.00, 'available'),
(1314, 8, 31, 119, 0.00, 'available'),
(1315, 8, 31, 120, 0.00, 'available'),
(1316, 8, 31, 121, 0.00, 'available'),
(1317, 8, 31, 122, 0.00, 'available'),
(1318, 8, 31, 123, 0.00, 'available'),
(1319, 8, 31, 124, 0.00, 'available'),
(1320, 8, 31, 125, 0.00, 'available'),
(1321, 8, 31, 126, 0.00, 'available'),
(1322, 8, 31, 127, 0.00, 'available'),
(1323, 8, 31, 128, 0.00, 'available'),
(1324, 8, 31, 129, 0.00, 'available'),
(1325, 8, 31, 130, 0.00, 'available'),
(1326, 8, 31, 131, 0.00, 'available'),
(1327, 8, 31, 132, 0.00, 'available'),
(1328, 8, 31, 133, 0.00, 'available'),
(1329, 8, 31, 134, 0.00, 'available'),
(1330, 8, 31, 135, 0.00, 'available'),
(1331, 8, 31, 136, 0.00, 'available'),
(1332, 8, 31, 137, 0.00, 'available'),
(1333, 8, 31, 138, 0.00, 'available'),
(1334, 8, 32, 139, 0.00, 'available'),
(1335, 8, 32, 140, 0.00, 'available'),
(1336, 8, 32, 141, 0.00, 'available'),
(1337, 8, 32, 142, 0.00, 'available'),
(1338, 8, 32, 143, 0.00, 'available'),
(1339, 8, 32, 144, 0.00, 'available'),
(1340, 8, 32, 145, 0.00, 'available'),
(1341, 8, 32, 146, 0.00, 'available'),
(1342, 8, 32, 147, 0.00, 'available'),
(1343, 8, 32, 148, 0.00, 'available'),
(1344, 8, 32, 149, 0.00, 'available'),
(1345, 8, 32, 150, 0.00, 'available'),
(1346, 8, 32, 151, 0.00, 'available'),
(1347, 8, 32, 152, 0.00, 'available'),
(1348, 8, 32, 153, 0.00, 'available'),
(1349, 8, 32, 154, 0.00, 'available'),
(1350, 8, 32, 155, 0.00, 'available'),
(1351, 8, 32, 156, 0.00, 'available'),
(1352, 8, 32, 157, 0.00, 'available'),
(1353, 8, 32, 158, 0.00, 'available'),
(1354, 8, 32, 159, 0.00, 'available'),
(1355, 8, 32, 160, 0.00, 'available'),
(1356, 8, 32, 161, 0.00, 'available'),
(1357, 8, 32, 162, 0.00, 'available'),
(1358, 8, 32, 163, 0.00, 'available'),
(1359, 8, 32, 164, 0.00, 'available'),
(1360, 8, 32, 165, 0.00, 'available'),
(1361, 8, 32, 166, 0.00, 'available'),
(1362, 8, 32, 167, 0.00, 'available'),
(1363, 8, 32, 168, 0.00, 'available'),
(1364, 8, 32, 169, 0.00, 'available'),
(1365, 8, 32, 170, 0.00, 'available'),
(1366, 8, 32, 171, 0.00, 'available'),
(1367, 8, 32, 172, 0.00, 'available'),
(1368, 8, 32, 173, 0.00, 'available'),
(1369, 8, 32, 174, 0.00, 'available'),
(1370, 8, 32, 175, 0.00, 'available'),
(1371, 8, 32, 176, 0.00, 'available'),
(1372, 8, 32, 177, 0.00, 'available'),
(1373, 8, 32, 178, 0.00, 'available'),
(1374, 8, 32, 179, 0.00, 'available'),
(1375, 8, 32, 180, 0.00, 'available'),
(1376, 8, 32, 181, 0.00, 'available'),
(1377, 8, 32, 182, 0.00, 'available'),
(1378, 8, 32, 183, 0.00, 'available'),
(1379, 8, 32, 184, 0.00, 'available'),
(1380, 8, 32, 185, 0.00, 'available'),
(1381, 8, 32, 186, 0.00, 'available'),
(1382, 8, 32, 187, 0.00, 'available'),
(1383, 8, 32, 188, 0.00, 'available'),
(1384, 8, 32, 189, 0.00, 'available'),
(1385, 8, 32, 190, 0.00, 'available'),
(1386, 8, 32, 191, 0.00, 'available'),
(1387, 8, 32, 192, 0.00, 'available'),
(1388, 8, 32, 193, 0.00, 'available'),
(1389, 8, 32, 194, 0.00, 'available'),
(1390, 8, 32, 195, 0.00, 'available'),
(1391, 8, 32, 196, 0.00, 'available'),
(1392, 8, 32, 197, 0.00, 'available'),
(1393, 8, 32, 198, 0.00, 'available'),
(1394, 8, 32, 199, 0.00, 'available'),
(1395, 8, 32, 200, 0.00, 'available'),
(1581, 10, 37, 1, 0.00, 'available'),
(1582, 10, 37, 2, 0.00, 'available'),
(1583, 10, 37, 3, 0.00, 'available'),
(1584, 10, 37, 4, 0.00, 'available'),
(1585, 10, 37, 5, 0.00, 'available'),
(1586, 10, 37, 6, 0.00, 'available'),
(1587, 10, 37, 7, 0.00, 'available'),
(1588, 10, 37, 8, 0.00, 'available'),
(1589, 10, 37, 9, 0.00, 'available'),
(1590, 10, 37, 10, 0.00, 'available'),
(1591, 10, 37, 11, 0.00, 'available'),
(1592, 10, 37, 12, 0.00, 'available'),
(1593, 10, 37, 13, 0.00, 'available'),
(1594, 10, 37, 14, 0.00, 'available'),
(1595, 10, 37, 15, 0.00, 'available'),
(1596, 10, 37, 16, 0.00, 'available'),
(1597, 10, 37, 17, 0.00, 'available'),
(1598, 10, 37, 18, 0.00, 'available'),
(1599, 10, 37, 19, 0.00, 'available'),
(1600, 10, 37, 20, 0.00, 'available'),
(1601, 10, 37, 21, 0.00, 'available'),
(1602, 10, 37, 22, 0.00, 'available'),
(1603, 10, 37, 23, 0.00, 'available'),
(1604, 10, 37, 24, 0.00, 'available'),
(1605, 10, 37, 25, 0.00, 'available'),
(1606, 10, 37, 26, 0.00, 'available'),
(1607, 10, 37, 27, 0.00, 'available'),
(1608, 10, 37, 28, 0.00, 'available'),
(1609, 10, 37, 29, 0.00, 'available'),
(1610, 10, 37, 30, 0.00, 'available'),
(1611, 10, 37, 31, 0.00, 'available'),
(1612, 10, 37, 32, 0.00, 'available'),
(1613, 10, 37, 33, 0.00, 'available'),
(1614, 10, 37, 34, 0.00, 'available'),
(1615, 10, 37, 35, 0.00, 'available'),
(1616, 10, 37, 36, 0.00, 'available'),
(1617, 10, 37, 37, 0.00, 'available'),
(1618, 10, 37, 38, 0.00, 'available'),
(1619, 10, 37, 39, 0.00, 'available'),
(1620, 10, 37, 40, 0.00, 'available'),
(1621, 10, 37, 41, 0.00, 'available'),
(1622, 10, 37, 42, 0.00, 'available'),
(1623, 10, 37, 43, 0.00, 'available'),
(1624, 10, 38, 44, 0.00, 'available'),
(1625, 10, 38, 45, 0.00, 'available'),
(1626, 10, 38, 46, 0.00, 'available'),
(1627, 10, 38, 47, 0.00, 'available'),
(1628, 10, 38, 48, 0.00, 'available'),
(1629, 10, 38, 49, 0.00, 'available'),
(1630, 10, 38, 50, 0.00, 'available'),
(1631, 10, 38, 51, 0.00, 'available'),
(1632, 10, 38, 52, 0.00, 'available'),
(1633, 10, 38, 53, 0.00, 'available'),
(1634, 10, 38, 54, 0.00, 'available'),
(1635, 10, 38, 55, 0.00, 'available'),
(1636, 10, 38, 56, 0.00, 'available'),
(1637, 10, 38, 57, 0.00, 'available'),
(1638, 10, 38, 58, 0.00, 'available'),
(1639, 10, 38, 59, 0.00, 'available'),
(1640, 10, 38, 60, 0.00, 'available'),
(1641, 10, 38, 61, 0.00, 'available'),
(1642, 10, 38, 62, 0.00, 'available'),
(1643, 10, 38, 63, 0.00, 'available'),
(1644, 10, 38, 64, 0.00, 'available'),
(1645, 10, 38, 65, 0.00, 'available'),
(1646, 10, 38, 66, 0.00, 'available'),
(1647, 10, 38, 67, 0.00, 'available'),
(1648, 10, 38, 68, 0.00, 'available'),
(1649, 10, 38, 69, 0.00, 'available'),
(1650, 10, 38, 70, 0.00, 'available'),
(1651, 10, 38, 71, 0.00, 'available'),
(1652, 10, 38, 72, 0.00, 'available'),
(1653, 10, 38, 73, 0.00, 'available'),
(1654, 10, 38, 74, 0.00, 'available'),
(1655, 10, 38, 75, 0.00, 'available'),
(1656, 10, 38, 76, 0.00, 'available'),
(1657, 10, 38, 77, 0.00, 'available'),
(1658, 10, 38, 78, 0.00, 'available'),
(1659, 10, 38, 79, 0.00, 'available'),
(1660, 10, 38, 80, 0.00, 'available'),
(1661, 10, 38, 81, 0.00, 'available'),
(1662, 10, 38, 82, 0.00, 'available'),
(1663, 10, 38, 83, 0.00, 'available'),
(1664, 10, 38, 84, 0.00, 'available'),
(1665, 10, 38, 85, 0.00, 'available'),
(1666, 10, 38, 86, 0.00, 'available'),
(1667, 10, 38, 87, 0.00, 'available'),
(1668, 10, 38, 88, 0.00, 'available'),
(1669, 10, 38, 89, 0.00, 'available'),
(1670, 10, 38, 90, 0.00, 'available'),
(1671, 10, 38, 91, 0.00, 'available'),
(1672, 10, 38, 92, 0.00, 'available'),
(1673, 10, 38, 93, 0.00, 'available'),
(1674, 10, 38, 94, 0.00, 'available'),
(1675, 10, 38, 95, 0.00, 'available'),
(1676, 10, 38, 96, 0.00, 'available'),
(1677, 10, 39, 97, 0.00, 'available'),
(1678, 10, 39, 98, 0.00, 'available'),
(1679, 10, 39, 99, 0.00, 'available'),
(1680, 10, 39, 100, 0.00, 'available'),
(1681, 10, 39, 101, 0.00, 'available'),
(1682, 10, 39, 102, 0.00, 'available'),
(1683, 10, 39, 103, 0.00, 'available'),
(1684, 10, 39, 104, 0.00, 'available'),
(1685, 10, 39, 105, 0.00, 'available'),
(1686, 10, 39, 106, 0.00, 'available'),
(1687, 10, 39, 107, 0.00, 'available'),
(1688, 10, 39, 108, 0.00, 'available'),
(1689, 10, 39, 109, 0.00, 'available'),
(1690, 10, 39, 110, 0.00, 'available'),
(1691, 10, 39, 111, 0.00, 'available'),
(1692, 10, 39, 112, 0.00, 'available'),
(1693, 10, 39, 113, 0.00, 'available'),
(1694, 10, 39, 114, 0.00, 'available'),
(1695, 10, 39, 115, 0.00, 'available'),
(1696, 10, 39, 116, 0.00, 'available'),
(1697, 10, 39, 117, 0.00, 'available'),
(1698, 10, 39, 118, 0.00, 'available'),
(1699, 10, 39, 119, 0.00, 'available'),
(1700, 10, 39, 120, 0.00, 'available'),
(1701, 10, 39, 121, 0.00, 'available'),
(1702, 10, 39, 122, 0.00, 'available'),
(1703, 10, 39, 123, 0.00, 'available'),
(1704, 10, 39, 124, 0.00, 'available'),
(1705, 10, 39, 125, 0.00, 'available'),
(1706, 10, 39, 126, 0.00, 'available'),
(1707, 10, 39, 127, 0.00, 'available'),
(1708, 10, 39, 128, 0.00, 'available'),
(1709, 10, 39, 129, 0.00, 'available'),
(1710, 10, 39, 130, 0.00, 'available'),
(1711, 10, 40, 131, 0.00, 'available'),
(1712, 10, 40, 132, 0.00, 'available'),
(1713, 10, 40, 133, 0.00, 'available'),
(1714, 10, 40, 134, 0.00, 'available'),
(1715, 10, 40, 135, 0.00, 'available'),
(1716, 10, 40, 136, 0.00, 'available'),
(1717, 10, 40, 137, 0.00, 'available'),
(1718, 10, 40, 138, 0.00, 'available'),
(1719, 10, 40, 139, 0.00, 'available'),
(1720, 10, 40, 140, 0.00, 'available'),
(1721, 10, 40, 141, 0.00, 'available'),
(1722, 10, 40, 142, 0.00, 'available'),
(1723, 10, 40, 143, 0.00, 'available'),
(1724, 10, 40, 144, 0.00, 'available'),
(1725, 10, 40, 145, 0.00, 'available'),
(1726, 10, 40, 146, 0.00, 'available'),
(1727, 10, 40, 147, 0.00, 'available'),
(1728, 10, 40, 148, 0.00, 'available'),
(1729, 10, 40, 149, 0.00, 'available'),
(1730, 10, 40, 150, 0.00, 'available'),
(1731, 10, 40, 151, 0.00, 'available'),
(1732, 10, 40, 152, 0.00, 'available'),
(1733, 10, 40, 153, 0.00, 'available'),
(1734, 10, 40, 154, 0.00, 'available'),
(1735, 10, 40, 155, 0.00, 'available'),
(1736, 10, 40, 156, 0.00, 'available'),
(1737, 10, 40, 157, 0.00, 'available'),
(1738, 10, 40, 158, 0.00, 'available'),
(1739, 10, 40, 159, 0.00, 'available'),
(1740, 10, 40, 160, 0.00, 'available'),
(1741, 10, 40, 161, 0.00, 'available'),
(1742, 10, 40, 162, 0.00, 'available'),
(1743, 10, 40, 163, 0.00, 'available'),
(1744, 10, 40, 164, 0.00, 'available'),
(1745, 10, 40, 165, 0.00, 'available'),
(1746, 10, 40, 166, 0.00, 'available'),
(1747, 10, 40, 167, 0.00, 'available'),
(1748, 10, 40, 168, 0.00, 'available'),
(1749, 10, 40, 169, 0.00, 'available'),
(1750, 10, 40, 170, 0.00, 'available'),
(1751, 10, 40, 171, 0.00, 'available'),
(1752, 10, 40, 172, 0.00, 'available'),
(1753, 10, 40, 173, 0.00, 'available'),
(1754, 10, 40, 174, 0.00, 'available'),
(1755, 10, 40, 175, 0.00, 'available'),
(1756, 10, 40, 176, 0.00, 'available'),
(1757, 10, 40, 177, 0.00, 'available'),
(1758, 10, 40, 178, 0.00, 'available'),
(1759, 10, 40, 179, 0.00, 'available'),
(1760, 10, 40, 180, 0.00, 'available'),
(1761, 10, 40, 181, 0.00, 'available'),
(1762, 10, 40, 182, 0.00, 'available'),
(1763, 10, 40, 183, 0.00, 'available'),
(1764, 10, 40, 184, 0.00, 'available'),
(1765, 10, 40, 185, 0.00, 'available'),
(1766, 11, 41, 1, 0.00, 'available'),
(1767, 11, 41, 2, 0.00, 'available'),
(1768, 11, 41, 3, 0.00, 'available'),
(1769, 11, 41, 4, 0.00, 'available'),
(1770, 11, 41, 5, 0.00, 'available'),
(1771, 11, 41, 6, 0.00, 'available'),
(1772, 11, 41, 7, 0.00, 'available'),
(1773, 11, 41, 8, 0.00, 'available'),
(1774, 11, 41, 9, 0.00, 'available'),
(1775, 11, 41, 10, 0.00, 'available'),
(1776, 11, 41, 11, 0.00, 'available'),
(1777, 11, 41, 12, 0.00, 'available'),
(1778, 11, 41, 13, 0.00, 'available'),
(1779, 11, 41, 14, 0.00, 'available'),
(1780, 11, 41, 15, 0.00, 'available'),
(1781, 11, 41, 16, 0.00, 'available'),
(1782, 11, 41, 17, 0.00, 'available'),
(1783, 11, 41, 18, 0.00, 'available'),
(1784, 11, 41, 19, 0.00, 'available'),
(1785, 11, 41, 20, 0.00, 'available'),
(1786, 11, 41, 21, 0.00, 'available'),
(1787, 11, 41, 22, 0.00, 'available'),
(1788, 11, 41, 23, 0.00, 'available'),
(1789, 11, 41, 24, 0.00, 'available'),
(1790, 11, 41, 25, 0.00, 'available'),
(1791, 11, 41, 26, 0.00, 'available'),
(1792, 11, 41, 27, 0.00, 'available'),
(1793, 11, 41, 28, 0.00, 'available'),
(1794, 11, 41, 29, 0.00, 'available'),
(1795, 11, 41, 30, 0.00, 'available'),
(1796, 11, 41, 31, 0.00, 'available'),
(1797, 11, 41, 32, 0.00, 'available'),
(1798, 11, 41, 33, 0.00, 'available'),
(1799, 11, 41, 34, 0.00, 'available'),
(1800, 11, 41, 35, 0.00, 'available'),
(1801, 11, 41, 36, 0.00, 'available'),
(1802, 11, 41, 37, 0.00, 'available'),
(1803, 11, 41, 38, 0.00, 'available'),
(1804, 11, 41, 39, 0.00, 'available'),
(1805, 11, 41, 40, 0.00, 'available'),
(1806, 11, 41, 41, 0.00, 'available'),
(1807, 11, 41, 42, 0.00, 'available'),
(1808, 11, 41, 43, 0.00, 'available'),
(1809, 11, 41, 44, 0.00, 'available'),
(1810, 11, 41, 45, 0.00, 'available'),
(1811, 11, 41, 46, 0.00, 'available'),
(1812, 11, 41, 47, 0.00, 'available'),
(1813, 11, 42, 48, 0.00, 'available'),
(1814, 11, 42, 49, 0.00, 'available'),
(1815, 11, 42, 50, 0.00, 'available'),
(1816, 11, 42, 51, 0.00, 'available'),
(1817, 11, 42, 52, 0.00, 'available'),
(1818, 11, 42, 53, 0.00, 'available'),
(1819, 11, 42, 54, 0.00, 'available'),
(1820, 11, 42, 55, 0.00, 'available'),
(1821, 11, 42, 56, 0.00, 'available'),
(1822, 11, 42, 57, 0.00, 'available'),
(1823, 11, 42, 58, 0.00, 'available'),
(1824, 11, 42, 59, 0.00, 'available'),
(1825, 11, 42, 60, 0.00, 'available'),
(1826, 11, 42, 61, 0.00, 'available'),
(1827, 11, 42, 62, 0.00, 'available'),
(1828, 11, 42, 63, 0.00, 'available'),
(1829, 11, 42, 64, 0.00, 'available'),
(1830, 11, 42, 65, 0.00, 'available'),
(1831, 11, 42, 66, 0.00, 'available'),
(1832, 11, 42, 67, 0.00, 'available'),
(1833, 11, 42, 68, 0.00, 'available'),
(1834, 11, 42, 69, 0.00, 'available'),
(1835, 11, 42, 70, 0.00, 'available'),
(1836, 11, 42, 71, 0.00, 'available'),
(1837, 11, 42, 72, 0.00, 'available'),
(1838, 11, 42, 73, 0.00, 'available'),
(1839, 11, 42, 74, 0.00, 'available'),
(1840, 11, 42, 75, 0.00, 'available'),
(1841, 11, 43, 76, 0.00, 'available'),
(1842, 11, 43, 77, 0.00, 'available'),
(1843, 11, 43, 78, 0.00, 'available'),
(1844, 11, 43, 79, 0.00, 'available'),
(1845, 11, 43, 80, 0.00, 'available'),
(1846, 11, 43, 81, 0.00, 'available'),
(1847, 11, 43, 82, 0.00, 'available'),
(1848, 11, 43, 83, 0.00, 'available'),
(1849, 11, 43, 84, 0.00, 'available'),
(1850, 11, 43, 85, 0.00, 'available'),
(1851, 11, 43, 86, 0.00, 'available'),
(1852, 11, 43, 87, 0.00, 'available'),
(1853, 11, 43, 88, 0.00, 'available'),
(1854, 11, 43, 89, 0.00, 'available'),
(1855, 11, 43, 90, 0.00, 'available'),
(1856, 11, 43, 91, 0.00, 'available'),
(1857, 11, 43, 92, 0.00, 'available'),
(1858, 11, 43, 93, 0.00, 'available'),
(1859, 11, 43, 94, 0.00, 'available'),
(1860, 11, 43, 95, 0.00, 'available'),
(1861, 11, 43, 96, 0.00, 'available'),
(1862, 11, 43, 97, 0.00, 'available'),
(1863, 11, 43, 98, 0.00, 'available'),
(1864, 11, 43, 99, 0.00, 'available'),
(1865, 11, 43, 100, 0.00, 'available'),
(1866, 11, 43, 101, 0.00, 'available'),
(1867, 11, 43, 102, 0.00, 'available'),
(1868, 11, 43, 103, 0.00, 'available'),
(1869, 11, 43, 104, 0.00, 'available'),
(1870, 11, 43, 105, 0.00, 'available'),
(1871, 11, 43, 106, 0.00, 'available'),
(1872, 11, 43, 107, 0.00, 'available'),
(1873, 11, 43, 108, 0.00, 'available'),
(1874, 11, 43, 109, 0.00, 'available'),
(1875, 11, 43, 110, 0.00, 'available'),
(1876, 11, 43, 111, 0.00, 'available'),
(1877, 11, 43, 112, 0.00, 'available'),
(1878, 11, 43, 113, 0.00, 'available'),
(1879, 11, 43, 114, 0.00, 'available'),
(1880, 11, 43, 115, 0.00, 'available'),
(1881, 11, 43, 116, 0.00, 'available'),
(1882, 11, 43, 117, 0.00, 'available'),
(1883, 11, 43, 118, 0.00, 'available'),
(1884, 11, 43, 119, 0.00, 'available'),
(1885, 11, 43, 120, 0.00, 'available'),
(1886, 11, 43, 121, 0.00, 'available'),
(1887, 11, 43, 122, 0.00, 'available'),
(1888, 11, 43, 123, 0.00, 'available'),
(1889, 11, 43, 124, 0.00, 'available'),
(1890, 11, 43, 125, 0.00, 'available'),
(1891, 11, 43, 126, 0.00, 'available'),
(1892, 11, 43, 127, 0.00, 'available'),
(1893, 11, 43, 128, 0.00, 'available'),
(1894, 11, 43, 129, 0.00, 'available'),
(1895, 11, 43, 130, 0.00, 'available'),
(1896, 11, 43, 131, 0.00, 'available'),
(1897, 11, 43, 132, 0.00, 'available'),
(1898, 11, 43, 133, 0.00, 'available'),
(1899, 11, 43, 134, 0.00, 'available'),
(1900, 11, 43, 135, 0.00, 'available'),
(1901, 11, 43, 136, 0.00, 'available'),
(1902, 11, 43, 137, 0.00, 'available'),
(1903, 11, 43, 138, 0.00, 'available'),
(1904, 11, 44, 139, 0.00, 'available'),
(1905, 11, 44, 140, 0.00, 'available'),
(1906, 11, 44, 141, 0.00, 'available'),
(1907, 11, 44, 142, 0.00, 'available'),
(1908, 11, 44, 143, 0.00, 'available'),
(1909, 11, 44, 144, 0.00, 'available'),
(1910, 11, 44, 145, 0.00, 'available'),
(1911, 11, 44, 146, 0.00, 'available'),
(1912, 11, 44, 147, 0.00, 'available'),
(1913, 11, 44, 148, 0.00, 'available'),
(1914, 11, 44, 149, 0.00, 'available'),
(1915, 11, 44, 150, 0.00, 'available'),
(1916, 11, 44, 151, 0.00, 'available'),
(1917, 11, 44, 152, 0.00, 'available'),
(1918, 11, 44, 153, 0.00, 'available'),
(1919, 11, 44, 154, 0.00, 'available'),
(1920, 11, 44, 155, 0.00, 'available'),
(1921, 11, 44, 156, 0.00, 'available'),
(1922, 11, 44, 157, 0.00, 'available'),
(1923, 11, 44, 158, 0.00, 'available'),
(1924, 11, 44, 159, 0.00, 'available'),
(1925, 11, 44, 160, 0.00, 'available'),
(1926, 11, 44, 161, 0.00, 'available'),
(1927, 11, 44, 162, 0.00, 'available'),
(1928, 11, 44, 163, 0.00, 'available'),
(1929, 11, 44, 164, 0.00, 'available'),
(1930, 11, 44, 165, 0.00, 'available'),
(1931, 11, 44, 166, 0.00, 'available'),
(1932, 11, 44, 167, 0.00, 'available'),
(1933, 11, 44, 168, 0.00, 'available'),
(1934, 11, 44, 169, 0.00, 'available'),
(1935, 11, 44, 170, 0.00, 'available'),
(1936, 11, 44, 171, 0.00, 'available'),
(1937, 11, 44, 172, 0.00, 'available'),
(1938, 11, 44, 173, 0.00, 'available'),
(1939, 11, 44, 174, 0.00, 'available'),
(1940, 11, 44, 175, 0.00, 'available'),
(1941, 11, 44, 176, 0.00, 'available'),
(1942, 11, 44, 177, 0.00, 'available'),
(1943, 11, 44, 178, 0.00, 'available'),
(1944, 11, 44, 179, 0.00, 'available'),
(1945, 11, 44, 180, 0.00, 'available'),
(1946, 11, 44, 181, 0.00, 'available'),
(1947, 11, 44, 182, 0.00, 'available'),
(1948, 11, 44, 183, 0.00, 'available'),
(1949, 11, 44, 184, 0.00, 'available'),
(1950, 11, 44, 185, 0.00, 'available'),
(1951, 11, 44, 186, 0.00, 'available'),
(1952, 11, 44, 187, 0.00, 'available'),
(1953, 11, 44, 188, 0.00, 'available'),
(1954, 11, 44, 189, 0.00, 'available'),
(1955, 11, 44, 190, 0.00, 'available'),
(1956, 11, 44, 191, 0.00, 'available'),
(1957, 11, 44, 192, 0.00, 'available'),
(1958, 11, 44, 193, 0.00, 'available'),
(1959, 11, 44, 194, 0.00, 'available'),
(1960, 11, 44, 195, 0.00, 'available'),
(1961, 11, 44, 196, 0.00, 'available'),
(1962, 11, 44, 197, 0.00, 'available'),
(1963, 11, 44, 198, 0.00, 'available'),
(1964, 11, 44, 199, 0.00, 'available'),
(1965, 11, 44, 200, 0.00, 'available'),
(1966, 12, 45, 1, 0.00, 'available'),
(1967, 12, 45, 2, 0.00, 'available'),
(1968, 12, 45, 3, 0.00, 'available'),
(1969, 12, 45, 4, 0.00, 'available'),
(1970, 12, 45, 5, 0.00, 'available'),
(1971, 12, 45, 6, 0.00, 'available'),
(1972, 12, 45, 7, 0.00, 'available'),
(1973, 12, 45, 8, 0.00, 'available'),
(1974, 12, 45, 9, 0.00, 'available'),
(1975, 12, 45, 10, 0.00, 'available'),
(1976, 12, 45, 11, 0.00, 'available'),
(1977, 12, 45, 12, 0.00, 'available'),
(1978, 12, 45, 13, 0.00, 'available'),
(1979, 12, 45, 14, 0.00, 'available'),
(1980, 12, 45, 15, 0.00, 'available'),
(1981, 12, 45, 16, 0.00, 'available'),
(1982, 12, 45, 17, 0.00, 'available'),
(1983, 12, 45, 18, 0.00, 'available'),
(1984, 12, 45, 19, 0.00, 'available'),
(1985, 12, 45, 20, 0.00, 'available'),
(1986, 12, 45, 21, 0.00, 'available'),
(1987, 12, 45, 22, 0.00, 'available'),
(1988, 12, 45, 23, 0.00, 'available'),
(1989, 12, 45, 24, 0.00, 'available'),
(1990, 12, 45, 25, 0.00, 'available'),
(1991, 12, 45, 26, 0.00, 'available'),
(1992, 12, 45, 27, 0.00, 'available'),
(1993, 12, 45, 28, 0.00, 'available'),
(1994, 12, 45, 29, 0.00, 'available'),
(1995, 12, 45, 30, 0.00, 'available'),
(1996, 12, 45, 31, 0.00, 'available'),
(1997, 12, 45, 32, 0.00, 'available'),
(1998, 12, 45, 33, 0.00, 'available'),
(1999, 12, 45, 34, 0.00, 'available'),
(2000, 12, 45, 35, 0.00, 'available'),
(2001, 12, 45, 36, 0.00, 'available'),
(2002, 12, 45, 37, 0.00, 'available'),
(2003, 12, 45, 38, 0.00, 'available'),
(2004, 12, 45, 39, 0.00, 'available'),
(2005, 12, 45, 40, 0.00, 'available'),
(2006, 12, 45, 41, 0.00, 'available'),
(2007, 12, 45, 42, 0.00, 'available'),
(2008, 12, 45, 43, 0.00, 'available'),
(2009, 12, 46, 44, 0.00, 'available'),
(2010, 12, 46, 45, 0.00, 'available'),
(2011, 12, 46, 46, 0.00, 'available'),
(2012, 12, 46, 47, 0.00, 'available'),
(2013, 12, 46, 48, 0.00, 'available'),
(2014, 12, 46, 49, 0.00, 'available'),
(2015, 12, 46, 50, 0.00, 'available'),
(2016, 12, 46, 51, 0.00, 'available'),
(2017, 12, 46, 52, 0.00, 'available'),
(2018, 12, 46, 53, 0.00, 'available'),
(2019, 12, 46, 54, 0.00, 'available'),
(2020, 12, 46, 55, 0.00, 'available'),
(2021, 12, 46, 56, 0.00, 'available'),
(2022, 12, 46, 57, 0.00, 'available'),
(2023, 12, 46, 58, 0.00, 'available'),
(2024, 12, 46, 59, 0.00, 'available'),
(2025, 12, 46, 60, 0.00, 'available'),
(2026, 12, 46, 61, 0.00, 'available'),
(2027, 12, 46, 62, 0.00, 'available'),
(2028, 12, 46, 63, 0.00, 'available'),
(2029, 12, 46, 64, 0.00, 'available'),
(2030, 12, 46, 65, 0.00, 'available'),
(2031, 12, 46, 66, 0.00, 'available'),
(2032, 12, 46, 67, 0.00, 'available'),
(2033, 12, 46, 68, 0.00, 'available'),
(2034, 12, 46, 69, 0.00, 'available'),
(2035, 12, 46, 70, 0.00, 'available'),
(2036, 12, 46, 71, 0.00, 'available'),
(2037, 12, 46, 72, 0.00, 'available'),
(2038, 12, 46, 73, 0.00, 'available'),
(2039, 12, 46, 74, 0.00, 'available'),
(2040, 12, 46, 75, 0.00, 'available'),
(2041, 12, 46, 76, 0.00, 'available'),
(2042, 12, 46, 77, 0.00, 'available'),
(2043, 12, 46, 78, 0.00, 'available'),
(2044, 12, 46, 79, 0.00, 'available'),
(2045, 12, 46, 80, 0.00, 'available'),
(2046, 12, 46, 81, 0.00, 'available'),
(2047, 12, 46, 82, 0.00, 'available'),
(2048, 12, 46, 83, 0.00, 'available'),
(2049, 12, 46, 84, 0.00, 'available'),
(2050, 12, 46, 85, 0.00, 'available'),
(2051, 12, 46, 86, 0.00, 'available'),
(2052, 12, 46, 87, 0.00, 'available'),
(2053, 12, 46, 88, 0.00, 'available'),
(2054, 12, 46, 89, 0.00, 'available'),
(2055, 12, 46, 90, 0.00, 'available'),
(2056, 12, 46, 91, 0.00, 'available'),
(2057, 12, 46, 92, 0.00, 'available'),
(2058, 12, 46, 93, 0.00, 'available'),
(2059, 12, 46, 94, 0.00, 'available'),
(2060, 12, 46, 95, 0.00, 'available'),
(2061, 12, 46, 96, 0.00, 'available'),
(2062, 12, 47, 97, 0.00, 'available'),
(2063, 12, 47, 98, 0.00, 'available'),
(2064, 12, 47, 99, 0.00, 'available'),
(2065, 12, 47, 100, 0.00, 'available'),
(2066, 12, 47, 101, 0.00, 'available'),
(2067, 12, 47, 102, 0.00, 'available'),
(2068, 12, 47, 103, 0.00, 'available'),
(2069, 12, 47, 104, 0.00, 'available'),
(2070, 12, 47, 105, 0.00, 'available'),
(2071, 12, 47, 106, 0.00, 'available'),
(2072, 12, 47, 107, 0.00, 'available'),
(2073, 12, 47, 108, 0.00, 'available'),
(2074, 12, 47, 109, 0.00, 'available'),
(2075, 12, 47, 110, 0.00, 'available'),
(2076, 12, 47, 111, 0.00, 'available'),
(2077, 12, 47, 112, 0.00, 'available'),
(2078, 12, 47, 113, 0.00, 'available'),
(2079, 12, 47, 114, 0.00, 'available'),
(2080, 12, 47, 115, 0.00, 'available'),
(2081, 12, 47, 116, 0.00, 'available'),
(2082, 12, 47, 117, 0.00, 'available'),
(2083, 12, 47, 118, 0.00, 'available'),
(2084, 12, 47, 119, 0.00, 'available'),
(2085, 12, 47, 120, 0.00, 'available'),
(2086, 12, 47, 121, 0.00, 'available'),
(2087, 12, 47, 122, 0.00, 'available'),
(2088, 12, 47, 123, 0.00, 'available'),
(2089, 12, 47, 124, 0.00, 'available'),
(2090, 12, 47, 125, 0.00, 'available'),
(2091, 12, 47, 126, 0.00, 'available'),
(2092, 12, 47, 127, 0.00, 'available'),
(2093, 12, 47, 128, 0.00, 'available'),
(2094, 12, 47, 129, 0.00, 'available'),
(2095, 12, 47, 130, 0.00, 'available'),
(2096, 12, 48, 131, 0.00, 'available'),
(2097, 12, 48, 132, 0.00, 'available'),
(2098, 12, 48, 133, 0.00, 'available'),
(2099, 12, 48, 134, 0.00, 'available'),
(2100, 12, 48, 135, 0.00, 'available'),
(2101, 12, 48, 136, 0.00, 'available'),
(2102, 12, 48, 137, 0.00, 'available');
INSERT INTO `seats` (`seatID`, `concertID`, `seatPlanID`, `seatNumber`, `ticketPrice`, `availability`) VALUES
(2103, 12, 48, 138, 0.00, 'available'),
(2104, 12, 48, 139, 0.00, 'available'),
(2105, 12, 48, 140, 0.00, 'available'),
(2106, 12, 48, 141, 0.00, 'available'),
(2107, 12, 48, 142, 0.00, 'available'),
(2108, 12, 48, 143, 0.00, 'available'),
(2109, 12, 48, 144, 0.00, 'available'),
(2110, 12, 48, 145, 0.00, 'available'),
(2111, 12, 48, 146, 0.00, 'available'),
(2112, 12, 48, 147, 0.00, 'available'),
(2113, 12, 48, 148, 0.00, 'available'),
(2114, 12, 48, 149, 0.00, 'available'),
(2115, 12, 48, 150, 0.00, 'available'),
(2116, 12, 48, 151, 0.00, 'available'),
(2117, 12, 48, 152, 0.00, 'available'),
(2118, 12, 48, 153, 0.00, 'available'),
(2119, 12, 48, 154, 0.00, 'available'),
(2120, 12, 48, 155, 0.00, 'available'),
(2121, 12, 48, 156, 0.00, 'available'),
(2122, 12, 48, 157, 0.00, 'available'),
(2123, 12, 48, 158, 0.00, 'available'),
(2124, 12, 48, 159, 0.00, 'available'),
(2125, 12, 48, 160, 0.00, 'available'),
(2126, 12, 48, 161, 0.00, 'available'),
(2127, 12, 48, 162, 0.00, 'available'),
(2128, 12, 48, 163, 0.00, 'available'),
(2129, 12, 48, 164, 0.00, 'available'),
(2130, 12, 48, 165, 0.00, 'available'),
(2131, 12, 48, 166, 0.00, 'available'),
(2132, 12, 48, 167, 0.00, 'available'),
(2133, 12, 48, 168, 0.00, 'available'),
(2134, 12, 48, 169, 0.00, 'available'),
(2135, 12, 48, 170, 0.00, 'available'),
(2136, 12, 48, 171, 0.00, 'available'),
(2137, 12, 48, 172, 0.00, 'available'),
(2138, 12, 48, 173, 0.00, 'available'),
(2139, 12, 48, 174, 0.00, 'available'),
(2140, 12, 48, 175, 0.00, 'available'),
(2141, 12, 48, 176, 0.00, 'available'),
(2142, 12, 48, 177, 0.00, 'available'),
(2143, 12, 48, 178, 0.00, 'available'),
(2144, 12, 48, 179, 0.00, 'available'),
(2145, 12, 48, 180, 0.00, 'available'),
(2146, 12, 48, 181, 0.00, 'available'),
(2147, 12, 48, 182, 0.00, 'available'),
(2148, 12, 48, 183, 0.00, 'available'),
(2149, 12, 48, 184, 0.00, 'available'),
(2150, 12, 48, 185, 0.00, 'available'),
(2151, 13, 49, 1, 0.00, 'available'),
(2152, 13, 49, 2, 0.00, 'available'),
(2153, 13, 49, 3, 0.00, 'available'),
(2154, 13, 49, 4, 0.00, 'available'),
(2155, 13, 49, 5, 0.00, 'available'),
(2156, 13, 49, 6, 0.00, 'available'),
(2157, 13, 49, 7, 0.00, 'available'),
(2158, 13, 49, 8, 0.00, 'available'),
(2159, 13, 49, 9, 0.00, 'available'),
(2160, 13, 49, 10, 0.00, 'available'),
(2161, 13, 49, 11, 0.00, 'available'),
(2162, 13, 49, 12, 0.00, 'available'),
(2163, 13, 49, 13, 0.00, 'available'),
(2164, 13, 49, 14, 0.00, 'available'),
(2165, 13, 49, 15, 0.00, 'available'),
(2166, 13, 49, 16, 0.00, 'available'),
(2167, 13, 49, 17, 0.00, 'available'),
(2168, 13, 49, 18, 0.00, 'available'),
(2169, 13, 49, 19, 0.00, 'available'),
(2170, 13, 49, 20, 0.00, 'available'),
(2171, 13, 49, 21, 0.00, 'available'),
(2172, 13, 49, 22, 0.00, 'available'),
(2173, 13, 49, 23, 0.00, 'available'),
(2174, 13, 49, 24, 0.00, 'available'),
(2175, 13, 49, 25, 0.00, 'available'),
(2176, 13, 49, 26, 0.00, 'available'),
(2177, 13, 49, 27, 0.00, 'available'),
(2178, 13, 49, 28, 0.00, 'available'),
(2179, 13, 49, 29, 0.00, 'available'),
(2180, 13, 49, 30, 0.00, 'available'),
(2181, 13, 49, 31, 0.00, 'available'),
(2182, 13, 49, 32, 0.00, 'available'),
(2183, 13, 49, 33, 0.00, 'available'),
(2184, 13, 49, 34, 0.00, 'available'),
(2185, 13, 49, 35, 0.00, 'available'),
(2186, 13, 49, 36, 0.00, 'available'),
(2187, 13, 50, 37, 0.00, 'available'),
(2188, 13, 50, 38, 0.00, 'available'),
(2189, 13, 50, 39, 0.00, 'available'),
(2190, 13, 50, 40, 0.00, 'available'),
(2191, 13, 50, 41, 0.00, 'available'),
(2192, 13, 50, 42, 0.00, 'available'),
(2193, 13, 50, 43, 0.00, 'available'),
(2194, 13, 50, 44, 0.00, 'available'),
(2195, 13, 50, 45, 0.00, 'available'),
(2196, 13, 50, 46, 0.00, 'available'),
(2197, 13, 50, 47, 0.00, 'available'),
(2198, 13, 50, 48, 0.00, 'available'),
(2199, 13, 50, 49, 0.00, 'available'),
(2200, 13, 50, 50, 0.00, 'available'),
(2201, 13, 50, 51, 0.00, 'available'),
(2202, 13, 50, 52, 0.00, 'available'),
(2203, 13, 50, 53, 0.00, 'available'),
(2204, 13, 50, 54, 0.00, 'available'),
(2205, 13, 50, 55, 0.00, 'available'),
(2206, 13, 50, 56, 0.00, 'available'),
(2207, 13, 50, 57, 0.00, 'available'),
(2208, 13, 50, 58, 0.00, 'available'),
(2209, 13, 50, 59, 0.00, 'available'),
(2210, 13, 50, 60, 0.00, 'available'),
(2211, 13, 50, 61, 0.00, 'available'),
(2212, 13, 50, 62, 0.00, 'available'),
(2213, 13, 50, 63, 0.00, 'available'),
(2214, 13, 50, 64, 0.00, 'available'),
(2215, 13, 50, 65, 0.00, 'available'),
(2216, 13, 50, 66, 0.00, 'available'),
(2217, 13, 50, 67, 0.00, 'available'),
(2218, 13, 50, 68, 0.00, 'available'),
(2219, 13, 50, 69, 0.00, 'available'),
(2220, 13, 50, 70, 0.00, 'available'),
(2221, 13, 50, 71, 0.00, 'available'),
(2222, 13, 50, 72, 0.00, 'available'),
(2223, 13, 50, 73, 0.00, 'available'),
(2224, 13, 51, 74, 0.00, 'available'),
(2225, 13, 51, 75, 0.00, 'available'),
(2226, 13, 51, 76, 0.00, 'available'),
(2227, 13, 51, 77, 0.00, 'available'),
(2228, 13, 51, 78, 0.00, 'available'),
(2229, 13, 51, 79, 0.00, 'available'),
(2230, 13, 51, 80, 0.00, 'available'),
(2231, 13, 51, 81, 0.00, 'available'),
(2232, 13, 51, 82, 0.00, 'available'),
(2233, 13, 51, 83, 0.00, 'available'),
(2234, 13, 51, 84, 0.00, 'available'),
(2235, 13, 51, 85, 0.00, 'available'),
(2236, 13, 51, 86, 0.00, 'available'),
(2237, 13, 51, 87, 0.00, 'available'),
(2238, 13, 51, 88, 0.00, 'available'),
(2239, 13, 51, 89, 0.00, 'available'),
(2240, 13, 51, 90, 0.00, 'available'),
(2241, 13, 51, 91, 0.00, 'available'),
(2242, 13, 51, 92, 0.00, 'available'),
(2243, 13, 51, 93, 0.00, 'available'),
(2244, 13, 51, 94, 0.00, 'available'),
(2245, 13, 51, 95, 0.00, 'available'),
(2246, 13, 51, 96, 0.00, 'available'),
(2247, 13, 51, 97, 0.00, 'available'),
(2248, 13, 51, 98, 0.00, 'available'),
(2249, 13, 51, 99, 0.00, 'available'),
(2250, 13, 51, 100, 0.00, 'available'),
(2251, 13, 51, 101, 0.00, 'available'),
(2252, 13, 51, 102, 0.00, 'available'),
(2253, 13, 51, 103, 0.00, 'available'),
(2254, 13, 51, 104, 0.00, 'available'),
(2255, 13, 51, 105, 0.00, 'available'),
(2256, 13, 51, 106, 0.00, 'available'),
(2257, 13, 51, 107, 0.00, 'available'),
(2258, 13, 51, 108, 0.00, 'available'),
(2259, 13, 51, 109, 0.00, 'available'),
(2260, 13, 51, 110, 0.00, 'available'),
(2261, 13, 52, 111, 0.00, 'available'),
(2262, 13, 52, 112, 0.00, 'available'),
(2263, 13, 52, 113, 0.00, 'available'),
(2264, 13, 52, 114, 0.00, 'available'),
(2265, 13, 52, 115, 0.00, 'available'),
(2266, 13, 52, 116, 0.00, 'available'),
(2267, 13, 52, 117, 0.00, 'available'),
(2268, 13, 52, 118, 0.00, 'available'),
(2269, 13, 52, 119, 0.00, 'available'),
(2270, 13, 52, 120, 0.00, 'available'),
(2271, 13, 52, 121, 0.00, 'available'),
(2272, 13, 52, 122, 0.00, 'available'),
(2273, 13, 52, 123, 0.00, 'available'),
(2274, 13, 52, 124, 0.00, 'available'),
(2275, 13, 52, 125, 0.00, 'available'),
(2276, 13, 52, 126, 0.00, 'available'),
(2277, 13, 52, 127, 0.00, 'available'),
(2278, 13, 52, 128, 0.00, 'available'),
(2279, 13, 52, 129, 0.00, 'available'),
(2280, 13, 52, 130, 0.00, 'available'),
(2281, 13, 52, 131, 0.00, 'available'),
(2282, 13, 52, 132, 0.00, 'available'),
(2283, 13, 52, 133, 0.00, 'available'),
(2284, 13, 52, 134, 0.00, 'available'),
(2285, 13, 52, 135, 0.00, 'available'),
(2286, 13, 52, 136, 0.00, 'available'),
(2287, 13, 52, 137, 0.00, 'available'),
(2288, 13, 52, 138, 0.00, 'available'),
(2289, 13, 52, 139, 0.00, 'available'),
(2290, 13, 52, 140, 0.00, 'available'),
(2291, 13, 52, 141, 0.00, 'available'),
(2292, 13, 52, 142, 0.00, 'available'),
(2293, 13, 52, 143, 0.00, 'available'),
(2294, 13, 52, 144, 0.00, 'available'),
(2295, 13, 52, 145, 0.00, 'available'),
(2296, 13, 52, 146, 0.00, 'available'),
(2297, 13, 52, 147, 0.00, 'available'),
(2298, 13, 52, 148, 0.00, 'available'),
(2299, 13, 52, 149, 0.00, 'available'),
(2300, 13, 52, 150, 0.00, 'available'),
(2301, 13, 52, 151, 0.00, 'available'),
(2302, 13, 52, 152, 0.00, 'available'),
(2303, 13, 52, 153, 0.00, 'available'),
(2304, 13, 52, 154, 0.00, 'available'),
(2305, 13, 52, 155, 0.00, 'available'),
(2306, 14, 53, 1, 0.00, 'available'),
(2307, 14, 53, 2, 0.00, 'available'),
(2308, 14, 53, 3, 0.00, 'available'),
(2309, 14, 53, 4, 0.00, 'available'),
(2310, 14, 53, 5, 0.00, 'available'),
(2311, 14, 53, 6, 0.00, 'available'),
(2312, 14, 53, 7, 0.00, 'available'),
(2313, 14, 53, 8, 0.00, 'available'),
(2314, 14, 53, 9, 0.00, 'available'),
(2315, 14, 53, 10, 0.00, 'available'),
(2316, 14, 53, 11, 0.00, 'available'),
(2317, 14, 53, 12, 0.00, 'available'),
(2318, 14, 53, 13, 0.00, 'available'),
(2319, 14, 53, 14, 0.00, 'available'),
(2320, 14, 53, 15, 0.00, 'available'),
(2321, 14, 53, 16, 0.00, 'available'),
(2322, 14, 53, 17, 0.00, 'available'),
(2323, 14, 53, 18, 0.00, 'available'),
(2324, 14, 53, 19, 0.00, 'available'),
(2325, 14, 53, 20, 0.00, 'available'),
(2326, 14, 53, 21, 0.00, 'available'),
(2327, 14, 53, 22, 0.00, 'available'),
(2328, 14, 53, 23, 0.00, 'available'),
(2329, 14, 53, 24, 0.00, 'available'),
(2330, 14, 53, 25, 0.00, 'available'),
(2331, 14, 53, 26, 0.00, 'available'),
(2332, 14, 53, 27, 0.00, 'available'),
(2333, 14, 53, 28, 0.00, 'available'),
(2334, 14, 53, 29, 0.00, 'available'),
(2335, 14, 53, 30, 0.00, 'available'),
(2336, 14, 53, 31, 0.00, 'available'),
(2337, 14, 53, 32, 0.00, 'available'),
(2338, 14, 53, 33, 0.00, 'available'),
(2339, 14, 53, 34, 0.00, 'available'),
(2340, 14, 53, 35, 0.00, 'available'),
(2341, 14, 53, 36, 0.00, 'available'),
(2342, 14, 53, 37, 0.00, 'available'),
(2343, 14, 53, 38, 0.00, 'available'),
(2344, 14, 53, 39, 0.00, 'available'),
(2345, 14, 53, 40, 0.00, 'available'),
(2346, 14, 53, 41, 0.00, 'available'),
(2347, 14, 53, 42, 0.00, 'available'),
(2348, 14, 53, 43, 0.00, 'available'),
(2349, 14, 53, 44, 0.00, 'available'),
(2350, 14, 53, 45, 0.00, 'available'),
(2351, 14, 53, 46, 0.00, 'available'),
(2352, 14, 53, 47, 0.00, 'available'),
(2353, 14, 54, 48, 0.00, 'available'),
(2354, 14, 54, 49, 0.00, 'available'),
(2355, 14, 54, 50, 0.00, 'available'),
(2356, 14, 54, 51, 0.00, 'available'),
(2357, 14, 54, 52, 0.00, 'available'),
(2358, 14, 54, 53, 0.00, 'available'),
(2359, 14, 54, 54, 0.00, 'available'),
(2360, 14, 54, 55, 0.00, 'available'),
(2361, 14, 54, 56, 0.00, 'available'),
(2362, 14, 54, 57, 0.00, 'available'),
(2363, 14, 54, 58, 0.00, 'available'),
(2364, 14, 54, 59, 0.00, 'available'),
(2365, 14, 54, 60, 0.00, 'available'),
(2366, 14, 54, 61, 0.00, 'available'),
(2367, 14, 54, 62, 0.00, 'available'),
(2368, 14, 54, 63, 0.00, 'available'),
(2369, 14, 54, 64, 0.00, 'available'),
(2370, 14, 54, 65, 0.00, 'available'),
(2371, 14, 54, 66, 0.00, 'available'),
(2372, 14, 54, 67, 0.00, 'available'),
(2373, 14, 54, 68, 0.00, 'available'),
(2374, 14, 54, 69, 0.00, 'available'),
(2375, 14, 54, 70, 0.00, 'available'),
(2376, 14, 54, 71, 0.00, 'available'),
(2377, 14, 54, 72, 0.00, 'available'),
(2378, 14, 54, 73, 0.00, 'available'),
(2379, 14, 54, 74, 0.00, 'available'),
(2380, 14, 54, 75, 0.00, 'available'),
(2381, 14, 55, 76, 0.00, 'available'),
(2382, 14, 55, 77, 0.00, 'available'),
(2383, 14, 55, 78, 0.00, 'available'),
(2384, 14, 55, 79, 0.00, 'available'),
(2385, 14, 55, 80, 0.00, 'available'),
(2386, 14, 55, 81, 0.00, 'available'),
(2387, 14, 55, 82, 0.00, 'available'),
(2388, 14, 55, 83, 0.00, 'available'),
(2389, 14, 55, 84, 0.00, 'available'),
(2390, 14, 55, 85, 0.00, 'available'),
(2391, 14, 55, 86, 0.00, 'available'),
(2392, 14, 55, 87, 0.00, 'available'),
(2393, 14, 55, 88, 0.00, 'available'),
(2394, 14, 55, 89, 0.00, 'available'),
(2395, 14, 55, 90, 0.00, 'available'),
(2396, 14, 55, 91, 0.00, 'available'),
(2397, 14, 55, 92, 0.00, 'available'),
(2398, 14, 55, 93, 0.00, 'available'),
(2399, 14, 55, 94, 0.00, 'available'),
(2400, 14, 55, 95, 0.00, 'available'),
(2401, 14, 55, 96, 0.00, 'available'),
(2402, 14, 55, 97, 0.00, 'available'),
(2403, 14, 55, 98, 0.00, 'available'),
(2404, 14, 55, 99, 0.00, 'available'),
(2405, 14, 55, 100, 0.00, 'available'),
(2406, 14, 55, 101, 0.00, 'available'),
(2407, 14, 55, 102, 0.00, 'available'),
(2408, 14, 55, 103, 0.00, 'available'),
(2409, 14, 55, 104, 0.00, 'available'),
(2410, 14, 55, 105, 0.00, 'available'),
(2411, 14, 55, 106, 0.00, 'available'),
(2412, 14, 55, 107, 0.00, 'available'),
(2413, 14, 55, 108, 0.00, 'available'),
(2414, 14, 55, 109, 0.00, 'available'),
(2415, 14, 55, 110, 0.00, 'available'),
(2416, 14, 55, 111, 0.00, 'available'),
(2417, 14, 55, 112, 0.00, 'available'),
(2418, 14, 55, 113, 0.00, 'available'),
(2419, 14, 55, 114, 0.00, 'available'),
(2420, 14, 55, 115, 0.00, 'available'),
(2421, 14, 55, 116, 0.00, 'available'),
(2422, 14, 55, 117, 0.00, 'available'),
(2423, 14, 55, 118, 0.00, 'available'),
(2424, 14, 55, 119, 0.00, 'available'),
(2425, 14, 55, 120, 0.00, 'available'),
(2426, 14, 55, 121, 0.00, 'available'),
(2427, 14, 55, 122, 0.00, 'available'),
(2428, 14, 55, 123, 0.00, 'available'),
(2429, 14, 55, 124, 0.00, 'available'),
(2430, 14, 55, 125, 0.00, 'available'),
(2431, 14, 55, 126, 0.00, 'available'),
(2432, 14, 55, 127, 0.00, 'available'),
(2433, 14, 55, 128, 0.00, 'available'),
(2434, 14, 55, 129, 0.00, 'available'),
(2435, 14, 55, 130, 0.00, 'available'),
(2436, 14, 55, 131, 0.00, 'available'),
(2437, 14, 55, 132, 0.00, 'available'),
(2438, 14, 55, 133, 0.00, 'available'),
(2439, 14, 55, 134, 0.00, 'available'),
(2440, 14, 55, 135, 0.00, 'available'),
(2441, 14, 55, 136, 0.00, 'available'),
(2442, 14, 55, 137, 0.00, 'available'),
(2443, 14, 55, 138, 0.00, 'available'),
(2444, 14, 56, 139, 0.00, 'available'),
(2445, 14, 56, 140, 0.00, 'available'),
(2446, 14, 56, 141, 0.00, 'available'),
(2447, 14, 56, 142, 0.00, 'available'),
(2448, 14, 56, 143, 0.00, 'available'),
(2449, 14, 56, 144, 0.00, 'available'),
(2450, 14, 56, 145, 0.00, 'available'),
(2451, 14, 56, 146, 0.00, 'available'),
(2452, 14, 56, 147, 0.00, 'available'),
(2453, 14, 56, 148, 0.00, 'available'),
(2454, 14, 56, 149, 0.00, 'available'),
(2455, 14, 56, 150, 0.00, 'available'),
(2456, 14, 56, 151, 0.00, 'available'),
(2457, 14, 56, 152, 0.00, 'available'),
(2458, 14, 56, 153, 0.00, 'available'),
(2459, 14, 56, 154, 0.00, 'available'),
(2460, 14, 56, 155, 0.00, 'available'),
(2461, 14, 56, 156, 0.00, 'available'),
(2462, 14, 56, 157, 0.00, 'available'),
(2463, 14, 56, 158, 0.00, 'available'),
(2464, 14, 56, 159, 0.00, 'available'),
(2465, 14, 56, 160, 0.00, 'available'),
(2466, 14, 56, 161, 0.00, 'available'),
(2467, 14, 56, 162, 0.00, 'available'),
(2468, 14, 56, 163, 0.00, 'available'),
(2469, 14, 56, 164, 0.00, 'available'),
(2470, 14, 56, 165, 0.00, 'available'),
(2471, 14, 56, 166, 0.00, 'available'),
(2472, 14, 56, 167, 0.00, 'available'),
(2473, 14, 56, 168, 0.00, 'available'),
(2474, 14, 56, 169, 0.00, 'available'),
(2475, 14, 56, 170, 0.00, 'available'),
(2476, 14, 56, 171, 0.00, 'available'),
(2477, 14, 56, 172, 0.00, 'available'),
(2478, 14, 56, 173, 0.00, 'available'),
(2479, 14, 56, 174, 0.00, 'available'),
(2480, 14, 56, 175, 0.00, 'available'),
(2481, 14, 56, 176, 0.00, 'available'),
(2482, 14, 56, 177, 0.00, 'available'),
(2483, 14, 56, 178, 0.00, 'available'),
(2484, 14, 56, 179, 0.00, 'available'),
(2485, 14, 56, 180, 0.00, 'available'),
(2486, 14, 56, 181, 0.00, 'available'),
(2487, 14, 56, 182, 0.00, 'available'),
(2488, 14, 56, 183, 0.00, 'available'),
(2489, 14, 56, 184, 0.00, 'available'),
(2490, 14, 56, 185, 0.00, 'available'),
(2491, 14, 56, 186, 0.00, 'available'),
(2492, 14, 56, 187, 0.00, 'available'),
(2493, 14, 56, 188, 0.00, 'available'),
(2494, 14, 56, 189, 0.00, 'available'),
(2495, 14, 56, 190, 0.00, 'available'),
(2496, 14, 56, 191, 0.00, 'available'),
(2497, 14, 56, 192, 0.00, 'available'),
(2498, 14, 56, 193, 0.00, 'available'),
(2499, 14, 56, 194, 0.00, 'available'),
(2500, 14, 56, 195, 0.00, 'available'),
(2501, 14, 56, 196, 0.00, 'available'),
(2502, 14, 56, 197, 0.00, 'available'),
(2503, 14, 56, 198, 0.00, 'available'),
(2504, 14, 56, 199, 0.00, 'available'),
(2505, 14, 56, 200, 0.00, 'available'),
(2506, 15, 57, 1, 0.00, 'available'),
(2507, 15, 57, 2, 0.00, 'available'),
(2508, 15, 57, 3, 0.00, 'available'),
(2509, 15, 57, 4, 0.00, 'available'),
(2510, 15, 57, 5, 0.00, 'available'),
(2511, 15, 57, 6, 0.00, 'available'),
(2512, 15, 57, 7, 0.00, 'available'),
(2513, 15, 57, 8, 0.00, 'available'),
(2514, 15, 57, 9, 0.00, 'available'),
(2515, 15, 57, 10, 0.00, 'available'),
(2516, 15, 57, 11, 0.00, 'available'),
(2517, 15, 57, 12, 0.00, 'available'),
(2518, 15, 57, 13, 0.00, 'available'),
(2519, 15, 57, 14, 0.00, 'available'),
(2520, 15, 57, 15, 0.00, 'available'),
(2521, 15, 57, 16, 0.00, 'available'),
(2522, 15, 57, 17, 0.00, 'available'),
(2523, 15, 57, 18, 0.00, 'available'),
(2524, 15, 57, 19, 0.00, 'available'),
(2525, 15, 57, 20, 0.00, 'available'),
(2526, 15, 57, 21, 0.00, 'available'),
(2527, 15, 57, 22, 0.00, 'available'),
(2528, 15, 57, 23, 0.00, 'available'),
(2529, 15, 57, 24, 0.00, 'available'),
(2530, 15, 57, 25, 0.00, 'available'),
(2531, 15, 57, 26, 0.00, 'available'),
(2532, 15, 57, 27, 0.00, 'available'),
(2533, 15, 57, 28, 0.00, 'available'),
(2534, 15, 57, 29, 0.00, 'available'),
(2535, 15, 57, 30, 0.00, 'available'),
(2536, 15, 57, 31, 0.00, 'available'),
(2537, 15, 57, 32, 0.00, 'available'),
(2538, 15, 57, 33, 0.00, 'available'),
(2539, 15, 57, 34, 0.00, 'available'),
(2540, 15, 57, 35, 0.00, 'available'),
(2541, 15, 57, 36, 0.00, 'available'),
(2542, 15, 58, 37, 0.00, 'available'),
(2543, 15, 58, 38, 0.00, 'available'),
(2544, 15, 58, 39, 0.00, 'available'),
(2545, 15, 58, 40, 0.00, 'available'),
(2546, 15, 58, 41, 0.00, 'available'),
(2547, 15, 58, 42, 0.00, 'available'),
(2548, 15, 58, 43, 0.00, 'available'),
(2549, 15, 58, 44, 0.00, 'available'),
(2550, 15, 58, 45, 0.00, 'available'),
(2551, 15, 58, 46, 0.00, 'available'),
(2552, 15, 58, 47, 0.00, 'available'),
(2553, 15, 58, 48, 0.00, 'available'),
(2554, 15, 58, 49, 0.00, 'available'),
(2555, 15, 58, 50, 0.00, 'available'),
(2556, 15, 58, 51, 0.00, 'available'),
(2557, 15, 58, 52, 0.00, 'available'),
(2558, 15, 58, 53, 0.00, 'available'),
(2559, 15, 58, 54, 0.00, 'available'),
(2560, 15, 58, 55, 0.00, 'available'),
(2561, 15, 58, 56, 0.00, 'available'),
(2562, 15, 58, 57, 0.00, 'available'),
(2563, 15, 58, 58, 0.00, 'available'),
(2564, 15, 58, 59, 0.00, 'available'),
(2565, 15, 58, 60, 0.00, 'available'),
(2566, 15, 58, 61, 0.00, 'available'),
(2567, 15, 58, 62, 0.00, 'available'),
(2568, 15, 58, 63, 0.00, 'available'),
(2569, 15, 58, 64, 0.00, 'available'),
(2570, 15, 58, 65, 0.00, 'available'),
(2571, 15, 58, 66, 0.00, 'available'),
(2572, 15, 58, 67, 0.00, 'available'),
(2573, 15, 58, 68, 0.00, 'available'),
(2574, 15, 58, 69, 0.00, 'available'),
(2575, 15, 58, 70, 0.00, 'available'),
(2576, 15, 58, 71, 0.00, 'available'),
(2577, 15, 58, 72, 0.00, 'available'),
(2578, 15, 58, 73, 0.00, 'available'),
(2579, 15, 59, 74, 0.00, 'available'),
(2580, 15, 59, 75, 0.00, 'available'),
(2581, 15, 59, 76, 0.00, 'available'),
(2582, 15, 59, 77, 0.00, 'available'),
(2583, 15, 59, 78, 0.00, 'available'),
(2584, 15, 59, 79, 0.00, 'available'),
(2585, 15, 59, 80, 0.00, 'available'),
(2586, 15, 59, 81, 0.00, 'available'),
(2587, 15, 59, 82, 0.00, 'available'),
(2588, 15, 59, 83, 0.00, 'available'),
(2589, 15, 59, 84, 0.00, 'available'),
(2590, 15, 59, 85, 0.00, 'available'),
(2591, 15, 59, 86, 0.00, 'available'),
(2592, 15, 59, 87, 0.00, 'available'),
(2593, 15, 59, 88, 0.00, 'available'),
(2594, 15, 59, 89, 0.00, 'available'),
(2595, 15, 59, 90, 0.00, 'available'),
(2596, 15, 59, 91, 0.00, 'available'),
(2597, 15, 59, 92, 0.00, 'available'),
(2598, 15, 59, 93, 0.00, 'available'),
(2599, 15, 59, 94, 0.00, 'available'),
(2600, 15, 59, 95, 0.00, 'available'),
(2601, 15, 59, 96, 0.00, 'available'),
(2602, 15, 59, 97, 0.00, 'available'),
(2603, 15, 59, 98, 0.00, 'available'),
(2604, 15, 59, 99, 0.00, 'available'),
(2605, 15, 59, 100, 0.00, 'available'),
(2606, 15, 59, 101, 0.00, 'available'),
(2607, 15, 59, 102, 0.00, 'available'),
(2608, 15, 59, 103, 0.00, 'available'),
(2609, 15, 59, 104, 0.00, 'available'),
(2610, 15, 59, 105, 0.00, 'available'),
(2611, 15, 59, 106, 0.00, 'available'),
(2612, 15, 59, 107, 0.00, 'available'),
(2613, 15, 59, 108, 0.00, 'available'),
(2614, 15, 59, 109, 0.00, 'available'),
(2615, 15, 59, 110, 0.00, 'available'),
(2616, 15, 60, 111, 0.00, 'available'),
(2617, 15, 60, 112, 0.00, 'available'),
(2618, 15, 60, 113, 0.00, 'available'),
(2619, 15, 60, 114, 0.00, 'available'),
(2620, 15, 60, 115, 0.00, 'available'),
(2621, 15, 60, 116, 0.00, 'available'),
(2622, 15, 60, 117, 0.00, 'available'),
(2623, 15, 60, 118, 0.00, 'available'),
(2624, 15, 60, 119, 0.00, 'available'),
(2625, 15, 60, 120, 0.00, 'available'),
(2626, 15, 60, 121, 0.00, 'available'),
(2627, 15, 60, 122, 0.00, 'available'),
(2628, 15, 60, 123, 0.00, 'available'),
(2629, 15, 60, 124, 0.00, 'available'),
(2630, 15, 60, 125, 0.00, 'available'),
(2631, 15, 60, 126, 0.00, 'available'),
(2632, 15, 60, 127, 0.00, 'available'),
(2633, 15, 60, 128, 0.00, 'available'),
(2634, 15, 60, 129, 0.00, 'available'),
(2635, 15, 60, 130, 0.00, 'available'),
(2636, 15, 60, 131, 0.00, 'available'),
(2637, 15, 60, 132, 0.00, 'available'),
(2638, 15, 60, 133, 0.00, 'available'),
(2639, 15, 60, 134, 0.00, 'available'),
(2640, 15, 60, 135, 0.00, 'available'),
(2641, 15, 60, 136, 0.00, 'available'),
(2642, 15, 60, 137, 0.00, 'available'),
(2643, 15, 60, 138, 0.00, 'available'),
(2644, 15, 60, 139, 0.00, 'available'),
(2645, 15, 60, 140, 0.00, 'available'),
(2646, 15, 60, 141, 0.00, 'available'),
(2647, 15, 60, 142, 0.00, 'available'),
(2648, 15, 60, 143, 0.00, 'available'),
(2649, 15, 60, 144, 0.00, 'available'),
(2650, 15, 60, 145, 0.00, 'available'),
(2651, 15, 60, 146, 0.00, 'available'),
(2652, 15, 60, 147, 0.00, 'available'),
(2653, 15, 60, 148, 0.00, 'available'),
(2654, 15, 60, 149, 0.00, 'available'),
(2655, 15, 60, 150, 0.00, 'available'),
(2656, 15, 60, 151, 0.00, 'available'),
(2657, 15, 60, 152, 0.00, 'available'),
(2658, 15, 60, 153, 0.00, 'available'),
(2659, 15, 60, 154, 0.00, 'available'),
(2660, 15, 60, 155, 0.00, 'available'),
(2661, 16, 61, 1, 0.00, 'available'),
(2662, 16, 61, 2, 0.00, 'available'),
(2663, 16, 61, 3, 0.00, 'available'),
(2664, 16, 61, 4, 0.00, 'available'),
(2665, 16, 61, 5, 0.00, 'available'),
(2666, 16, 61, 6, 0.00, 'available'),
(2667, 16, 61, 7, 0.00, 'available'),
(2668, 16, 61, 8, 0.00, 'available'),
(2669, 16, 61, 9, 0.00, 'available'),
(2670, 16, 61, 10, 0.00, 'available'),
(2671, 16, 61, 11, 0.00, 'available'),
(2672, 16, 61, 12, 0.00, 'available'),
(2673, 16, 61, 13, 0.00, 'available'),
(2674, 16, 61, 14, 0.00, 'available'),
(2675, 16, 61, 15, 0.00, 'available'),
(2676, 16, 61, 16, 0.00, 'available'),
(2677, 16, 61, 17, 0.00, 'available'),
(2678, 16, 61, 18, 0.00, 'available'),
(2679, 16, 61, 19, 0.00, 'available'),
(2680, 16, 61, 20, 0.00, 'available'),
(2681, 16, 61, 21, 0.00, 'available'),
(2682, 16, 61, 22, 0.00, 'available'),
(2683, 16, 61, 23, 0.00, 'available'),
(2684, 16, 61, 24, 0.00, 'available'),
(2685, 16, 61, 25, 0.00, 'available'),
(2686, 16, 61, 26, 0.00, 'available'),
(2687, 16, 61, 27, 0.00, 'available'),
(2688, 16, 61, 28, 0.00, 'available'),
(2689, 16, 61, 29, 0.00, 'available'),
(2690, 16, 61, 30, 0.00, 'available'),
(2691, 16, 61, 31, 0.00, 'available'),
(2692, 16, 61, 32, 0.00, 'available'),
(2693, 16, 61, 33, 0.00, 'available'),
(2694, 16, 61, 34, 0.00, 'available'),
(2695, 16, 61, 35, 0.00, 'available'),
(2696, 16, 61, 36, 0.00, 'available'),
(2697, 16, 61, 37, 0.00, 'available'),
(2698, 16, 61, 38, 0.00, 'available'),
(2699, 16, 61, 39, 0.00, 'available'),
(2700, 16, 61, 40, 0.00, 'available'),
(2701, 16, 61, 41, 0.00, 'available'),
(2702, 16, 61, 42, 0.00, 'available'),
(2703, 16, 61, 43, 0.00, 'available'),
(2704, 16, 62, 44, 0.00, 'available'),
(2705, 16, 62, 45, 0.00, 'available'),
(2706, 16, 62, 46, 0.00, 'available'),
(2707, 16, 62, 47, 0.00, 'available'),
(2708, 16, 62, 48, 0.00, 'available'),
(2709, 16, 62, 49, 0.00, 'available'),
(2710, 16, 62, 50, 0.00, 'available'),
(2711, 16, 62, 51, 0.00, 'available'),
(2712, 16, 62, 52, 0.00, 'available'),
(2713, 16, 62, 53, 0.00, 'available'),
(2714, 16, 62, 54, 0.00, 'available'),
(2715, 16, 62, 55, 0.00, 'available'),
(2716, 16, 62, 56, 0.00, 'available'),
(2717, 16, 62, 57, 0.00, 'available'),
(2718, 16, 62, 58, 0.00, 'available'),
(2719, 16, 62, 59, 0.00, 'available'),
(2720, 16, 62, 60, 0.00, 'available'),
(2721, 16, 62, 61, 0.00, 'available'),
(2722, 16, 62, 62, 0.00, 'available'),
(2723, 16, 62, 63, 0.00, 'available'),
(2724, 16, 62, 64, 0.00, 'available'),
(2725, 16, 62, 65, 0.00, 'available'),
(2726, 16, 62, 66, 0.00, 'available'),
(2727, 16, 62, 67, 0.00, 'available'),
(2728, 16, 62, 68, 0.00, 'available'),
(2729, 16, 62, 69, 0.00, 'available'),
(2730, 16, 62, 70, 0.00, 'available'),
(2731, 16, 62, 71, 0.00, 'available'),
(2732, 16, 62, 72, 0.00, 'available'),
(2733, 16, 62, 73, 0.00, 'available'),
(2734, 16, 62, 74, 0.00, 'available'),
(2735, 16, 62, 75, 0.00, 'available'),
(2736, 16, 62, 76, 0.00, 'available'),
(2737, 16, 62, 77, 0.00, 'available'),
(2738, 16, 62, 78, 0.00, 'available'),
(2739, 16, 62, 79, 0.00, 'available'),
(2740, 16, 62, 80, 0.00, 'available'),
(2741, 16, 62, 81, 0.00, 'available'),
(2742, 16, 62, 82, 0.00, 'available'),
(2743, 16, 62, 83, 0.00, 'available'),
(2744, 16, 62, 84, 0.00, 'available'),
(2745, 16, 62, 85, 0.00, 'available'),
(2746, 16, 62, 86, 0.00, 'available'),
(2747, 16, 62, 87, 0.00, 'available'),
(2748, 16, 62, 88, 0.00, 'available'),
(2749, 16, 62, 89, 0.00, 'available'),
(2750, 16, 62, 90, 0.00, 'available'),
(2751, 16, 62, 91, 0.00, 'available'),
(2752, 16, 62, 92, 0.00, 'available'),
(2753, 16, 62, 93, 0.00, 'available'),
(2754, 16, 62, 94, 0.00, 'available'),
(2755, 16, 62, 95, 0.00, 'available'),
(2756, 16, 62, 96, 0.00, 'available'),
(2757, 16, 63, 97, 0.00, 'available'),
(2758, 16, 63, 98, 0.00, 'available'),
(2759, 16, 63, 99, 0.00, 'available'),
(2760, 16, 63, 100, 0.00, 'available'),
(2761, 16, 63, 101, 0.00, 'available'),
(2762, 16, 63, 102, 0.00, 'available'),
(2763, 16, 63, 103, 0.00, 'available'),
(2764, 16, 63, 104, 0.00, 'available'),
(2765, 16, 63, 105, 0.00, 'available'),
(2766, 16, 63, 106, 0.00, 'available'),
(2767, 16, 63, 107, 0.00, 'available'),
(2768, 16, 63, 108, 0.00, 'available'),
(2769, 16, 63, 109, 0.00, 'available'),
(2770, 16, 63, 110, 0.00, 'available'),
(2771, 16, 63, 111, 0.00, 'available'),
(2772, 16, 63, 112, 0.00, 'available'),
(2773, 16, 63, 113, 0.00, 'available'),
(2774, 16, 63, 114, 0.00, 'available'),
(2775, 16, 63, 115, 0.00, 'available'),
(2776, 16, 63, 116, 0.00, 'available'),
(2777, 16, 63, 117, 0.00, 'available'),
(2778, 16, 63, 118, 0.00, 'available'),
(2779, 16, 63, 119, 0.00, 'available'),
(2780, 16, 63, 120, 0.00, 'available'),
(2781, 16, 63, 121, 0.00, 'available'),
(2782, 16, 63, 122, 0.00, 'available'),
(2783, 16, 63, 123, 0.00, 'available'),
(2784, 16, 63, 124, 0.00, 'available'),
(2785, 16, 63, 125, 0.00, 'available'),
(2786, 16, 63, 126, 0.00, 'available'),
(2787, 16, 63, 127, 0.00, 'available'),
(2788, 16, 63, 128, 0.00, 'available'),
(2789, 16, 63, 129, 0.00, 'available'),
(2790, 16, 63, 130, 0.00, 'available'),
(2791, 16, 64, 131, 0.00, 'available'),
(2792, 16, 64, 132, 0.00, 'available'),
(2793, 16, 64, 133, 0.00, 'available'),
(2794, 16, 64, 134, 0.00, 'available'),
(2795, 16, 64, 135, 0.00, 'available'),
(2796, 16, 64, 136, 0.00, 'available'),
(2797, 16, 64, 137, 0.00, 'available'),
(2798, 16, 64, 138, 0.00, 'available'),
(2799, 16, 64, 139, 0.00, 'available'),
(2800, 16, 64, 140, 0.00, 'available'),
(2801, 16, 64, 141, 0.00, 'available'),
(2802, 16, 64, 142, 0.00, 'available'),
(2803, 16, 64, 143, 0.00, 'available'),
(2804, 16, 64, 144, 0.00, 'available'),
(2805, 16, 64, 145, 0.00, 'available'),
(2806, 16, 64, 146, 0.00, 'available'),
(2807, 16, 64, 147, 0.00, 'available'),
(2808, 16, 64, 148, 0.00, 'available'),
(2809, 16, 64, 149, 0.00, 'available'),
(2810, 16, 64, 150, 0.00, 'available'),
(2811, 16, 64, 151, 0.00, 'available'),
(2812, 16, 64, 152, 0.00, 'available'),
(2813, 16, 64, 153, 0.00, 'available'),
(2814, 16, 64, 154, 0.00, 'available'),
(2815, 16, 64, 155, 0.00, 'available'),
(2816, 16, 64, 156, 0.00, 'available'),
(2817, 16, 64, 157, 0.00, 'available'),
(2818, 16, 64, 158, 0.00, 'available'),
(2819, 16, 64, 159, 0.00, 'available'),
(2820, 16, 64, 160, 0.00, 'available'),
(2821, 16, 64, 161, 0.00, 'available'),
(2822, 16, 64, 162, 0.00, 'available'),
(2823, 16, 64, 163, 0.00, 'available'),
(2824, 16, 64, 164, 0.00, 'available'),
(2825, 16, 64, 165, 0.00, 'available'),
(2826, 16, 64, 166, 0.00, 'available'),
(2827, 16, 64, 167, 0.00, 'available'),
(2828, 16, 64, 168, 0.00, 'available'),
(2829, 16, 64, 169, 0.00, 'available'),
(2830, 16, 64, 170, 0.00, 'available'),
(2831, 16, 64, 171, 0.00, 'available'),
(2832, 16, 64, 172, 0.00, 'available'),
(2833, 16, 64, 173, 0.00, 'available'),
(2834, 16, 64, 174, 0.00, 'available'),
(2835, 16, 64, 175, 0.00, 'available'),
(2836, 17, 65, 1, 0.00, 'available'),
(2837, 17, 65, 2, 0.00, 'available'),
(2838, 17, 65, 3, 0.00, 'available'),
(2839, 17, 65, 4, 0.00, 'available'),
(2840, 17, 65, 5, 0.00, 'available'),
(2841, 17, 65, 6, 0.00, 'available'),
(2842, 17, 65, 7, 0.00, 'available'),
(2843, 17, 65, 8, 0.00, 'available'),
(2844, 17, 65, 9, 0.00, 'available'),
(2845, 17, 65, 10, 0.00, 'available'),
(2846, 17, 65, 11, 0.00, 'available'),
(2847, 17, 65, 12, 0.00, 'available'),
(2848, 17, 65, 13, 0.00, 'available'),
(2849, 17, 65, 14, 0.00, 'available'),
(2850, 17, 65, 15, 0.00, 'available'),
(2851, 17, 65, 16, 0.00, 'available'),
(2852, 17, 65, 17, 0.00, 'available'),
(2853, 17, 65, 18, 0.00, 'available'),
(2854, 17, 65, 19, 0.00, 'available'),
(2855, 17, 65, 20, 0.00, 'available'),
(2856, 17, 65, 21, 0.00, 'available'),
(2857, 17, 65, 22, 0.00, 'available'),
(2858, 17, 65, 23, 0.00, 'available'),
(2859, 17, 65, 24, 0.00, 'available'),
(2860, 17, 65, 25, 0.00, 'available'),
(2861, 17, 65, 26, 0.00, 'available'),
(2862, 17, 65, 27, 0.00, 'available'),
(2863, 17, 65, 28, 0.00, 'available'),
(2864, 17, 65, 29, 0.00, 'available'),
(2865, 17, 65, 30, 0.00, 'available'),
(2866, 17, 65, 31, 0.00, 'available'),
(2867, 17, 65, 32, 0.00, 'available'),
(2868, 17, 65, 33, 0.00, 'available'),
(2869, 17, 65, 34, 0.00, 'available'),
(2870, 17, 65, 35, 0.00, 'available'),
(2871, 17, 65, 36, 0.00, 'available'),
(2872, 17, 65, 37, 0.00, 'available'),
(2873, 17, 65, 38, 0.00, 'available'),
(2874, 17, 65, 39, 0.00, 'available'),
(2875, 17, 65, 40, 0.00, 'available'),
(2876, 17, 65, 41, 0.00, 'available'),
(2877, 17, 65, 42, 0.00, 'available'),
(2878, 17, 65, 43, 0.00, 'available'),
(2879, 17, 65, 44, 0.00, 'available'),
(2880, 17, 65, 45, 0.00, 'available'),
(2881, 17, 65, 46, 0.00, 'available'),
(2882, 17, 65, 47, 0.00, 'available'),
(2883, 17, 66, 48, 0.00, 'available'),
(2884, 17, 66, 49, 0.00, 'available'),
(2885, 17, 66, 50, 0.00, 'available'),
(2886, 17, 66, 51, 0.00, 'available'),
(2887, 17, 66, 52, 0.00, 'available'),
(2888, 17, 66, 53, 0.00, 'available'),
(2889, 17, 66, 54, 0.00, 'available'),
(2890, 17, 66, 55, 0.00, 'available'),
(2891, 17, 66, 56, 0.00, 'available'),
(2892, 17, 66, 57, 0.00, 'available'),
(2893, 17, 66, 58, 0.00, 'available'),
(2894, 17, 66, 59, 0.00, 'available'),
(2895, 17, 66, 60, 0.00, 'available'),
(2896, 17, 66, 61, 0.00, 'available'),
(2897, 17, 66, 62, 0.00, 'available'),
(2898, 17, 66, 63, 0.00, 'available'),
(2899, 17, 66, 64, 0.00, 'available'),
(2900, 17, 66, 65, 0.00, 'available'),
(2901, 17, 66, 66, 0.00, 'available'),
(2902, 17, 66, 67, 0.00, 'available'),
(2903, 17, 66, 68, 0.00, 'available'),
(2904, 17, 66, 69, 0.00, 'available'),
(2905, 17, 66, 70, 0.00, 'available'),
(2906, 17, 66, 71, 0.00, 'available'),
(2907, 17, 66, 72, 0.00, 'available'),
(2908, 17, 66, 73, 0.00, 'available'),
(2909, 17, 66, 74, 0.00, 'available'),
(2910, 17, 66, 75, 0.00, 'available'),
(2911, 17, 67, 76, 0.00, 'available'),
(2912, 17, 67, 77, 0.00, 'available'),
(2913, 17, 67, 78, 0.00, 'available'),
(2914, 17, 67, 79, 0.00, 'available'),
(2915, 17, 67, 80, 0.00, 'available'),
(2916, 17, 67, 81, 0.00, 'available'),
(2917, 17, 67, 82, 0.00, 'available'),
(2918, 17, 67, 83, 0.00, 'available'),
(2919, 17, 67, 84, 0.00, 'available'),
(2920, 17, 67, 85, 0.00, 'available'),
(2921, 17, 67, 86, 0.00, 'available'),
(2922, 17, 67, 87, 0.00, 'available'),
(2923, 17, 67, 88, 0.00, 'available'),
(2924, 17, 67, 89, 0.00, 'available'),
(2925, 17, 67, 90, 0.00, 'available'),
(2926, 17, 67, 91, 0.00, 'available'),
(2927, 17, 67, 92, 0.00, 'available'),
(2928, 17, 67, 93, 0.00, 'available'),
(2929, 17, 67, 94, 0.00, 'available'),
(2930, 17, 67, 95, 0.00, 'available'),
(2931, 17, 67, 96, 0.00, 'available'),
(2932, 17, 67, 97, 0.00, 'available'),
(2933, 17, 67, 98, 0.00, 'available'),
(2934, 17, 67, 99, 0.00, 'available'),
(2935, 17, 67, 100, 0.00, 'available'),
(2936, 17, 67, 101, 0.00, 'available'),
(2937, 17, 67, 102, 0.00, 'available'),
(2938, 17, 67, 103, 0.00, 'available'),
(2939, 17, 67, 104, 0.00, 'available'),
(2940, 17, 67, 105, 0.00, 'available'),
(2941, 17, 67, 106, 0.00, 'available'),
(2942, 17, 67, 107, 0.00, 'available'),
(2943, 17, 67, 108, 0.00, 'available'),
(2944, 17, 67, 109, 0.00, 'available'),
(2945, 17, 67, 110, 0.00, 'available'),
(2946, 17, 67, 111, 0.00, 'available'),
(2947, 17, 67, 112, 0.00, 'available'),
(2948, 17, 67, 113, 0.00, 'available'),
(2949, 17, 67, 114, 0.00, 'available'),
(2950, 17, 67, 115, 0.00, 'available'),
(2951, 17, 67, 116, 0.00, 'available'),
(2952, 17, 67, 117, 0.00, 'available'),
(2953, 17, 67, 118, 0.00, 'available'),
(2954, 17, 67, 119, 0.00, 'available'),
(2955, 17, 67, 120, 0.00, 'available'),
(2956, 17, 67, 121, 0.00, 'available'),
(2957, 17, 67, 122, 0.00, 'available'),
(2958, 17, 67, 123, 0.00, 'available'),
(2959, 17, 67, 124, 0.00, 'available'),
(2960, 17, 67, 125, 0.00, 'available'),
(2961, 17, 67, 126, 0.00, 'available'),
(2962, 17, 67, 127, 0.00, 'available'),
(2963, 17, 67, 128, 0.00, 'available'),
(2964, 17, 67, 129, 0.00, 'available'),
(2965, 17, 67, 130, 0.00, 'available'),
(2966, 17, 67, 131, 0.00, 'available'),
(2967, 17, 67, 132, 0.00, 'available'),
(2968, 17, 67, 133, 0.00, 'available'),
(2969, 17, 67, 134, 0.00, 'available'),
(2970, 17, 67, 135, 0.00, 'available'),
(2971, 17, 67, 136, 0.00, 'available'),
(2972, 17, 67, 137, 0.00, 'available'),
(2973, 17, 67, 138, 0.00, 'available'),
(2974, 17, 68, 139, 0.00, 'available'),
(2975, 17, 68, 140, 0.00, 'available'),
(2976, 17, 68, 141, 0.00, 'available'),
(2977, 17, 68, 142, 0.00, 'available'),
(2978, 17, 68, 143, 0.00, 'available'),
(2979, 17, 68, 144, 0.00, 'available'),
(2980, 17, 68, 145, 0.00, 'available'),
(2981, 17, 68, 146, 0.00, 'available'),
(2982, 17, 68, 147, 0.00, 'available'),
(2983, 17, 68, 148, 0.00, 'available'),
(2984, 17, 68, 149, 0.00, 'available'),
(2985, 17, 68, 150, 0.00, 'available'),
(2986, 17, 68, 151, 0.00, 'available'),
(2987, 17, 68, 152, 0.00, 'available'),
(2988, 17, 68, 153, 0.00, 'available'),
(2989, 17, 68, 154, 0.00, 'available'),
(2990, 17, 68, 155, 0.00, 'available'),
(2991, 17, 68, 156, 0.00, 'available'),
(2992, 17, 68, 157, 0.00, 'available'),
(2993, 17, 68, 158, 0.00, 'available'),
(2994, 17, 68, 159, 0.00, 'available'),
(2995, 17, 68, 160, 0.00, 'available'),
(2996, 17, 68, 161, 0.00, 'available'),
(2997, 17, 68, 162, 0.00, 'available'),
(2998, 17, 68, 163, 0.00, 'available'),
(2999, 17, 68, 164, 0.00, 'available'),
(3000, 17, 68, 165, 0.00, 'available'),
(3001, 17, 68, 166, 0.00, 'available'),
(3002, 17, 68, 167, 0.00, 'available'),
(3003, 17, 68, 168, 0.00, 'available'),
(3004, 17, 68, 169, 0.00, 'available'),
(3005, 17, 68, 170, 0.00, 'available'),
(3006, 17, 68, 171, 0.00, 'available'),
(3007, 17, 68, 172, 0.00, 'available'),
(3008, 17, 68, 173, 0.00, 'available'),
(3009, 17, 68, 174, 0.00, 'available'),
(3010, 17, 68, 175, 0.00, 'available'),
(3011, 17, 68, 176, 0.00, 'available'),
(3012, 17, 68, 177, 0.00, 'available'),
(3013, 17, 68, 178, 0.00, 'available'),
(3014, 17, 68, 179, 0.00, 'available'),
(3015, 17, 68, 180, 0.00, 'available'),
(3016, 17, 68, 181, 0.00, 'available'),
(3017, 17, 68, 182, 0.00, 'available'),
(3018, 17, 68, 183, 0.00, 'available'),
(3019, 17, 68, 184, 0.00, 'available'),
(3020, 17, 68, 185, 0.00, 'available'),
(3021, 17, 68, 186, 0.00, 'available'),
(3022, 17, 68, 187, 0.00, 'available'),
(3023, 17, 68, 188, 0.00, 'available'),
(3024, 17, 68, 189, 0.00, 'available'),
(3025, 17, 68, 190, 0.00, 'available'),
(3026, 17, 68, 191, 0.00, 'available'),
(3027, 17, 68, 192, 0.00, 'available'),
(3028, 17, 68, 193, 0.00, 'available'),
(3029, 17, 68, 194, 0.00, 'available'),
(3030, 17, 68, 195, 0.00, 'available'),
(3031, 17, 68, 196, 0.00, 'available'),
(3032, 17, 68, 197, 0.00, 'available'),
(3033, 17, 68, 198, 0.00, 'available'),
(3034, 17, 68, 199, 0.00, 'available'),
(3035, 17, 68, 200, 0.00, 'available'),
(3036, 18, 69, 1, 0.00, 'available'),
(3037, 18, 69, 2, 0.00, 'available'),
(3038, 18, 69, 3, 0.00, 'available'),
(3039, 18, 69, 4, 0.00, 'available'),
(3040, 18, 69, 5, 0.00, 'available'),
(3041, 18, 69, 6, 0.00, 'available'),
(3042, 18, 69, 7, 0.00, 'available'),
(3043, 18, 69, 8, 0.00, 'available'),
(3044, 18, 69, 9, 0.00, 'available'),
(3045, 18, 69, 10, 0.00, 'available'),
(3046, 18, 69, 11, 0.00, 'available'),
(3047, 18, 69, 12, 0.00, 'available'),
(3048, 18, 69, 13, 0.00, 'available'),
(3049, 18, 69, 14, 0.00, 'available'),
(3050, 18, 69, 15, 0.00, 'available'),
(3051, 18, 69, 16, 0.00, 'available'),
(3052, 18, 69, 17, 0.00, 'available'),
(3053, 18, 69, 18, 0.00, 'available'),
(3054, 18, 69, 19, 0.00, 'available'),
(3055, 18, 69, 20, 0.00, 'available'),
(3056, 18, 69, 21, 0.00, 'available'),
(3057, 18, 69, 22, 0.00, 'available'),
(3058, 18, 69, 23, 0.00, 'available'),
(3059, 18, 69, 24, 0.00, 'available'),
(3060, 18, 69, 25, 0.00, 'available'),
(3061, 18, 69, 26, 0.00, 'available'),
(3062, 18, 69, 27, 0.00, 'available'),
(3063, 18, 69, 28, 0.00, 'available'),
(3064, 18, 69, 29, 0.00, 'available'),
(3065, 18, 69, 30, 0.00, 'available'),
(3066, 18, 69, 31, 0.00, 'available'),
(3067, 18, 69, 32, 0.00, 'available'),
(3068, 18, 69, 33, 0.00, 'available'),
(3069, 18, 69, 34, 0.00, 'available'),
(3070, 18, 69, 35, 0.00, 'available'),
(3071, 18, 69, 36, 0.00, 'available'),
(3072, 18, 70, 37, 0.00, 'available'),
(3073, 18, 70, 38, 0.00, 'available'),
(3074, 18, 70, 39, 0.00, 'available'),
(3075, 18, 70, 40, 0.00, 'available'),
(3076, 18, 70, 41, 0.00, 'available'),
(3077, 18, 70, 42, 0.00, 'available'),
(3078, 18, 70, 43, 0.00, 'available'),
(3079, 18, 70, 44, 0.00, 'available'),
(3080, 18, 70, 45, 0.00, 'available'),
(3081, 18, 70, 46, 0.00, 'available'),
(3082, 18, 70, 47, 0.00, 'available'),
(3083, 18, 70, 48, 0.00, 'available'),
(3084, 18, 70, 49, 0.00, 'available'),
(3085, 18, 70, 50, 0.00, 'available'),
(3086, 18, 70, 51, 0.00, 'available'),
(3087, 18, 70, 52, 0.00, 'available'),
(3088, 18, 70, 53, 0.00, 'available'),
(3089, 18, 70, 54, 0.00, 'available'),
(3090, 18, 70, 55, 0.00, 'available'),
(3091, 18, 70, 56, 0.00, 'available'),
(3092, 18, 70, 57, 0.00, 'available'),
(3093, 18, 70, 58, 0.00, 'available'),
(3094, 18, 70, 59, 0.00, 'available'),
(3095, 18, 70, 60, 0.00, 'available'),
(3096, 18, 70, 61, 0.00, 'available'),
(3097, 18, 70, 62, 0.00, 'available'),
(3098, 18, 70, 63, 0.00, 'available'),
(3099, 18, 70, 64, 0.00, 'available'),
(3100, 18, 70, 65, 0.00, 'available'),
(3101, 18, 70, 66, 0.00, 'available'),
(3102, 18, 70, 67, 0.00, 'available'),
(3103, 18, 70, 68, 0.00, 'available'),
(3104, 18, 70, 69, 0.00, 'available'),
(3105, 18, 70, 70, 0.00, 'available'),
(3106, 18, 70, 71, 0.00, 'available'),
(3107, 18, 70, 72, 0.00, 'available'),
(3108, 18, 70, 73, 0.00, 'available'),
(3109, 18, 71, 74, 0.00, 'available'),
(3110, 18, 71, 75, 0.00, 'available'),
(3111, 18, 71, 76, 0.00, 'available'),
(3112, 18, 71, 77, 0.00, 'available'),
(3113, 18, 71, 78, 0.00, 'available'),
(3114, 18, 71, 79, 0.00, 'available'),
(3115, 18, 71, 80, 0.00, 'available'),
(3116, 18, 71, 81, 0.00, 'available'),
(3117, 18, 71, 82, 0.00, 'available'),
(3118, 18, 71, 83, 0.00, 'available'),
(3119, 18, 71, 84, 0.00, 'available'),
(3120, 18, 71, 85, 0.00, 'available'),
(3121, 18, 71, 86, 0.00, 'available'),
(3122, 18, 71, 87, 0.00, 'available'),
(3123, 18, 71, 88, 0.00, 'available'),
(3124, 18, 71, 89, 0.00, 'available'),
(3125, 18, 71, 90, 0.00, 'available'),
(3126, 18, 71, 91, 0.00, 'available'),
(3127, 18, 71, 92, 0.00, 'available'),
(3128, 18, 71, 93, 0.00, 'available'),
(3129, 18, 71, 94, 0.00, 'available'),
(3130, 18, 71, 95, 0.00, 'available'),
(3131, 18, 71, 96, 0.00, 'available'),
(3132, 18, 71, 97, 0.00, 'available'),
(3133, 18, 71, 98, 0.00, 'available'),
(3134, 18, 71, 99, 0.00, 'available'),
(3135, 18, 71, 100, 0.00, 'available'),
(3136, 18, 71, 101, 0.00, 'available'),
(3137, 18, 71, 102, 0.00, 'available'),
(3138, 18, 71, 103, 0.00, 'available'),
(3139, 18, 71, 104, 0.00, 'available'),
(3140, 18, 71, 105, 0.00, 'available'),
(3141, 18, 71, 106, 0.00, 'available'),
(3142, 18, 71, 107, 0.00, 'available'),
(3143, 18, 71, 108, 0.00, 'available'),
(3144, 18, 71, 109, 0.00, 'available'),
(3145, 18, 71, 110, 0.00, 'available'),
(3146, 18, 72, 111, 0.00, 'available'),
(3147, 18, 72, 112, 0.00, 'available'),
(3148, 18, 72, 113, 0.00, 'available'),
(3149, 18, 72, 114, 0.00, 'available'),
(3150, 18, 72, 115, 0.00, 'available'),
(3151, 18, 72, 116, 0.00, 'available'),
(3152, 18, 72, 117, 0.00, 'available'),
(3153, 18, 72, 118, 0.00, 'available'),
(3154, 18, 72, 119, 0.00, 'available'),
(3155, 18, 72, 120, 0.00, 'available'),
(3156, 18, 72, 121, 0.00, 'available'),
(3157, 18, 72, 122, 0.00, 'available'),
(3158, 18, 72, 123, 0.00, 'available'),
(3159, 18, 72, 124, 0.00, 'available'),
(3160, 18, 72, 125, 0.00, 'available'),
(3161, 18, 72, 126, 0.00, 'available'),
(3162, 18, 72, 127, 0.00, 'available'),
(3163, 18, 72, 128, 0.00, 'available'),
(3164, 18, 72, 129, 0.00, 'available'),
(3165, 18, 72, 130, 0.00, 'available'),
(3166, 18, 72, 131, 0.00, 'available'),
(3167, 18, 72, 132, 0.00, 'available'),
(3168, 18, 72, 133, 0.00, 'available'),
(3169, 18, 72, 134, 0.00, 'available'),
(3170, 18, 72, 135, 0.00, 'available'),
(3171, 18, 72, 136, 0.00, 'available'),
(3172, 18, 72, 137, 0.00, 'available'),
(3173, 18, 72, 138, 0.00, 'available'),
(3174, 18, 72, 139, 0.00, 'available'),
(3175, 18, 72, 140, 0.00, 'available'),
(3176, 18, 72, 141, 0.00, 'available'),
(3177, 18, 72, 142, 0.00, 'available'),
(3178, 18, 72, 143, 0.00, 'available'),
(3179, 18, 72, 144, 0.00, 'available'),
(3180, 18, 72, 145, 0.00, 'available'),
(3181, 18, 72, 146, 0.00, 'available'),
(3182, 18, 72, 147, 0.00, 'available'),
(3183, 18, 72, 148, 0.00, 'available'),
(3184, 18, 72, 149, 0.00, 'available'),
(3185, 18, 72, 150, 0.00, 'available'),
(3186, 18, 72, 151, 0.00, 'available'),
(3187, 18, 72, 152, 0.00, 'available'),
(3188, 18, 72, 153, 0.00, 'available'),
(3189, 18, 72, 154, 0.00, 'available'),
(3190, 18, 72, 155, 0.00, 'available'),
(3191, 19, 73, 1, 0.00, 'available'),
(3192, 19, 73, 2, 0.00, 'available'),
(3193, 19, 73, 3, 0.00, 'available'),
(3194, 19, 73, 4, 0.00, 'available'),
(3195, 19, 73, 5, 0.00, 'available'),
(3196, 19, 73, 6, 0.00, 'available'),
(3197, 19, 73, 7, 0.00, 'available'),
(3198, 19, 73, 8, 0.00, 'available'),
(3199, 19, 73, 9, 0.00, 'available'),
(3200, 19, 73, 10, 0.00, 'available'),
(3201, 19, 73, 11, 0.00, 'available'),
(3202, 19, 73, 12, 0.00, 'available'),
(3203, 19, 73, 13, 0.00, 'available'),
(3204, 19, 73, 14, 0.00, 'available'),
(3205, 19, 73, 15, 0.00, 'available'),
(3206, 19, 73, 16, 0.00, 'available'),
(3207, 19, 73, 17, 0.00, 'available'),
(3208, 19, 73, 18, 0.00, 'available'),
(3209, 19, 73, 19, 0.00, 'available'),
(3210, 19, 73, 20, 0.00, 'available'),
(3211, 19, 73, 21, 0.00, 'available'),
(3212, 19, 73, 22, 0.00, 'available'),
(3213, 19, 73, 23, 0.00, 'available'),
(3214, 19, 73, 24, 0.00, 'available'),
(3215, 19, 73, 25, 0.00, 'available'),
(3216, 19, 73, 26, 0.00, 'available'),
(3217, 19, 73, 27, 0.00, 'available'),
(3218, 19, 73, 28, 0.00, 'available'),
(3219, 19, 73, 29, 0.00, 'available'),
(3220, 19, 73, 30, 0.00, 'available'),
(3221, 19, 73, 31, 0.00, 'available'),
(3222, 19, 73, 32, 0.00, 'available'),
(3223, 19, 73, 33, 0.00, 'available'),
(3224, 19, 73, 34, 0.00, 'available'),
(3225, 19, 73, 35, 0.00, 'available'),
(3226, 19, 73, 36, 0.00, 'available'),
(3227, 19, 73, 37, 0.00, 'available'),
(3228, 19, 73, 38, 0.00, 'available'),
(3229, 19, 73, 39, 0.00, 'available'),
(3230, 19, 73, 40, 0.00, 'available'),
(3231, 19, 73, 41, 0.00, 'available'),
(3232, 19, 73, 42, 0.00, 'available'),
(3233, 19, 73, 43, 0.00, 'available'),
(3234, 19, 74, 44, 0.00, 'available'),
(3235, 19, 74, 45, 0.00, 'available'),
(3236, 19, 74, 46, 0.00, 'available'),
(3237, 19, 74, 47, 0.00, 'available'),
(3238, 19, 74, 48, 0.00, 'available'),
(3239, 19, 74, 49, 0.00, 'available'),
(3240, 19, 74, 50, 0.00, 'available'),
(3241, 19, 74, 51, 0.00, 'available'),
(3242, 19, 74, 52, 0.00, 'available'),
(3243, 19, 74, 53, 0.00, 'available'),
(3244, 19, 74, 54, 0.00, 'available'),
(3245, 19, 74, 55, 0.00, 'available'),
(3246, 19, 74, 56, 0.00, 'available'),
(3247, 19, 74, 57, 0.00, 'available'),
(3248, 19, 74, 58, 0.00, 'available'),
(3249, 19, 74, 59, 0.00, 'available'),
(3250, 19, 74, 60, 0.00, 'available'),
(3251, 19, 74, 61, 0.00, 'available'),
(3252, 19, 74, 62, 0.00, 'available'),
(3253, 19, 74, 63, 0.00, 'available'),
(3254, 19, 74, 64, 0.00, 'available'),
(3255, 19, 74, 65, 0.00, 'available'),
(3256, 19, 74, 66, 0.00, 'available'),
(3257, 19, 74, 67, 0.00, 'available'),
(3258, 19, 74, 68, 0.00, 'available'),
(3259, 19, 74, 69, 0.00, 'available'),
(3260, 19, 74, 70, 0.00, 'available'),
(3261, 19, 74, 71, 0.00, 'available'),
(3262, 19, 74, 72, 0.00, 'available'),
(3263, 19, 74, 73, 0.00, 'available'),
(3264, 19, 74, 74, 0.00, 'available'),
(3265, 19, 74, 75, 0.00, 'available'),
(3266, 19, 74, 76, 0.00, 'available'),
(3267, 19, 74, 77, 0.00, 'available'),
(3268, 19, 74, 78, 0.00, 'available'),
(3269, 19, 74, 79, 0.00, 'available'),
(3270, 19, 74, 80, 0.00, 'available'),
(3271, 19, 74, 81, 0.00, 'available'),
(3272, 19, 74, 82, 0.00, 'available'),
(3273, 19, 74, 83, 0.00, 'available'),
(3274, 19, 74, 84, 0.00, 'available'),
(3275, 19, 74, 85, 0.00, 'available'),
(3276, 19, 74, 86, 0.00, 'available'),
(3277, 19, 74, 87, 0.00, 'available'),
(3278, 19, 74, 88, 0.00, 'available'),
(3279, 19, 74, 89, 0.00, 'available'),
(3280, 19, 74, 90, 0.00, 'available'),
(3281, 19, 74, 91, 0.00, 'available'),
(3282, 19, 74, 92, 0.00, 'available'),
(3283, 19, 74, 93, 0.00, 'available'),
(3284, 19, 74, 94, 0.00, 'available'),
(3285, 19, 74, 95, 0.00, 'available'),
(3286, 19, 74, 96, 0.00, 'available'),
(3287, 19, 75, 97, 0.00, 'available'),
(3288, 19, 75, 98, 0.00, 'available'),
(3289, 19, 75, 99, 0.00, 'available'),
(3290, 19, 75, 100, 0.00, 'available'),
(3291, 19, 75, 101, 0.00, 'available'),
(3292, 19, 75, 102, 0.00, 'available'),
(3293, 19, 75, 103, 0.00, 'available'),
(3294, 19, 75, 104, 0.00, 'available'),
(3295, 19, 75, 105, 0.00, 'available'),
(3296, 19, 75, 106, 0.00, 'available'),
(3297, 19, 75, 107, 0.00, 'available'),
(3298, 19, 75, 108, 0.00, 'available'),
(3299, 19, 75, 109, 0.00, 'available'),
(3300, 19, 75, 110, 0.00, 'available'),
(3301, 19, 75, 111, 0.00, 'available'),
(3302, 19, 75, 112, 0.00, 'available'),
(3303, 19, 75, 113, 0.00, 'available'),
(3304, 19, 75, 114, 0.00, 'available'),
(3305, 19, 75, 115, 0.00, 'available'),
(3306, 19, 75, 116, 0.00, 'available'),
(3307, 19, 75, 117, 0.00, 'available'),
(3308, 19, 75, 118, 0.00, 'available'),
(3309, 19, 75, 119, 0.00, 'available'),
(3310, 19, 75, 120, 0.00, 'available'),
(3311, 19, 75, 121, 0.00, 'available'),
(3312, 19, 75, 122, 0.00, 'available'),
(3313, 19, 75, 123, 0.00, 'available'),
(3314, 19, 75, 124, 0.00, 'available'),
(3315, 19, 75, 125, 0.00, 'available'),
(3316, 19, 75, 126, 0.00, 'available'),
(3317, 19, 75, 127, 0.00, 'available'),
(3318, 19, 75, 128, 0.00, 'available'),
(3319, 19, 75, 129, 0.00, 'available'),
(3320, 19, 75, 130, 0.00, 'available'),
(3321, 19, 76, 131, 0.00, 'available'),
(3322, 19, 76, 132, 0.00, 'available'),
(3323, 19, 76, 133, 0.00, 'available'),
(3324, 19, 76, 134, 0.00, 'available'),
(3325, 19, 76, 135, 0.00, 'available'),
(3326, 19, 76, 136, 0.00, 'available'),
(3327, 19, 76, 137, 0.00, 'available'),
(3328, 19, 76, 138, 0.00, 'available'),
(3329, 19, 76, 139, 0.00, 'available'),
(3330, 19, 76, 140, 0.00, 'available'),
(3331, 19, 76, 141, 0.00, 'available'),
(3332, 19, 76, 142, 0.00, 'available'),
(3333, 19, 76, 143, 0.00, 'available'),
(3334, 19, 76, 144, 0.00, 'available'),
(3335, 19, 76, 145, 0.00, 'available'),
(3336, 19, 76, 146, 0.00, 'available'),
(3337, 19, 76, 147, 0.00, 'available'),
(3338, 19, 76, 148, 0.00, 'available'),
(3339, 19, 76, 149, 0.00, 'available'),
(3340, 19, 76, 150, 0.00, 'available'),
(3341, 19, 76, 151, 0.00, 'available'),
(3342, 19, 76, 152, 0.00, 'available'),
(3343, 19, 76, 153, 0.00, 'available'),
(3344, 19, 76, 154, 0.00, 'available'),
(3345, 19, 76, 155, 0.00, 'available'),
(3346, 19, 76, 156, 0.00, 'available'),
(3347, 19, 76, 157, 0.00, 'available'),
(3348, 19, 76, 158, 0.00, 'available'),
(3349, 19, 76, 159, 0.00, 'available'),
(3350, 19, 76, 160, 0.00, 'available'),
(3351, 19, 76, 161, 0.00, 'available'),
(3352, 19, 76, 162, 0.00, 'available'),
(3353, 19, 76, 163, 0.00, 'available'),
(3354, 19, 76, 164, 0.00, 'available'),
(3355, 19, 76, 165, 0.00, 'available'),
(3356, 19, 76, 166, 0.00, 'available'),
(3357, 19, 76, 167, 0.00, 'available'),
(3358, 19, 76, 168, 0.00, 'available'),
(3359, 19, 76, 169, 0.00, 'available'),
(3360, 19, 76, 170, 0.00, 'available'),
(3361, 19, 76, 171, 0.00, 'available'),
(3362, 19, 76, 172, 0.00, 'available'),
(3363, 19, 76, 173, 0.00, 'available'),
(3364, 19, 76, 174, 0.00, 'available'),
(3365, 19, 76, 175, 0.00, 'available'),
(3366, 19, 76, 176, 0.00, 'available'),
(3367, 19, 76, 177, 0.00, 'available'),
(3368, 19, 76, 178, 0.00, 'available'),
(3369, 19, 76, 179, 0.00, 'available'),
(3370, 19, 76, 180, 0.00, 'available'),
(3371, 19, 76, 181, 0.00, 'available'),
(3372, 19, 76, 182, 0.00, 'available'),
(3373, 19, 76, 183, 0.00, 'available'),
(3374, 19, 76, 184, 0.00, 'available'),
(3375, 19, 76, 185, 0.00, 'available'),
(3376, 20, 77, 1, 0.00, 'available'),
(3377, 20, 77, 2, 0.00, 'available'),
(3378, 20, 77, 3, 0.00, 'available'),
(3379, 20, 77, 4, 0.00, 'available'),
(3380, 20, 77, 5, 0.00, 'available'),
(3381, 20, 77, 6, 0.00, 'available'),
(3382, 20, 77, 7, 0.00, 'available'),
(3383, 20, 77, 8, 0.00, 'available'),
(3384, 20, 77, 9, 0.00, 'available'),
(3385, 20, 77, 10, 0.00, 'available'),
(3386, 20, 77, 11, 0.00, 'available'),
(3387, 20, 77, 12, 0.00, 'available'),
(3388, 20, 77, 13, 0.00, 'available'),
(3389, 20, 77, 14, 0.00, 'available'),
(3390, 20, 77, 15, 0.00, 'available'),
(3391, 20, 77, 16, 0.00, 'available'),
(3392, 20, 77, 17, 0.00, 'available'),
(3393, 20, 77, 18, 0.00, 'available'),
(3394, 20, 77, 19, 0.00, 'available'),
(3395, 20, 77, 20, 0.00, 'available'),
(3396, 20, 77, 21, 0.00, 'available'),
(3397, 20, 77, 22, 0.00, 'available'),
(3398, 20, 77, 23, 0.00, 'available'),
(3399, 20, 77, 24, 0.00, 'available'),
(3400, 20, 77, 25, 0.00, 'available'),
(3401, 20, 77, 26, 0.00, 'available'),
(3402, 20, 77, 27, 0.00, 'available'),
(3403, 20, 77, 28, 0.00, 'available'),
(3404, 20, 77, 29, 0.00, 'available'),
(3405, 20, 77, 30, 0.00, 'available'),
(3406, 20, 77, 31, 0.00, 'available'),
(3407, 20, 77, 32, 0.00, 'available'),
(3408, 20, 77, 33, 0.00, 'available'),
(3409, 20, 77, 34, 0.00, 'available'),
(3410, 20, 77, 35, 0.00, 'available'),
(3411, 20, 77, 36, 0.00, 'available'),
(3412, 20, 77, 37, 0.00, 'available'),
(3413, 20, 77, 38, 0.00, 'available'),
(3414, 20, 77, 39, 0.00, 'available'),
(3415, 20, 77, 40, 0.00, 'available'),
(3416, 20, 77, 41, 0.00, 'available'),
(3417, 20, 77, 42, 0.00, 'available'),
(3418, 20, 77, 43, 0.00, 'available'),
(3419, 20, 77, 44, 0.00, 'available'),
(3420, 20, 77, 45, 0.00, 'available'),
(3421, 20, 77, 46, 0.00, 'available'),
(3422, 20, 77, 47, 0.00, 'available'),
(3423, 20, 78, 48, 0.00, 'available'),
(3424, 20, 78, 49, 0.00, 'available'),
(3425, 20, 78, 50, 0.00, 'available'),
(3426, 20, 78, 51, 0.00, 'available'),
(3427, 20, 78, 52, 0.00, 'available'),
(3428, 20, 78, 53, 0.00, 'available'),
(3429, 20, 78, 54, 0.00, 'available'),
(3430, 20, 78, 55, 0.00, 'available'),
(3431, 20, 78, 56, 0.00, 'available'),
(3432, 20, 78, 57, 0.00, 'available'),
(3433, 20, 78, 58, 0.00, 'available'),
(3434, 20, 78, 59, 0.00, 'available'),
(3435, 20, 78, 60, 0.00, 'available'),
(3436, 20, 78, 61, 0.00, 'available');
INSERT INTO `seats` (`seatID`, `concertID`, `seatPlanID`, `seatNumber`, `ticketPrice`, `availability`) VALUES
(3437, 20, 78, 62, 0.00, 'available'),
(3438, 20, 78, 63, 0.00, 'available'),
(3439, 20, 78, 64, 0.00, 'available'),
(3440, 20, 78, 65, 0.00, 'available'),
(3441, 20, 78, 66, 0.00, 'available'),
(3442, 20, 78, 67, 0.00, 'available'),
(3443, 20, 78, 68, 0.00, 'available'),
(3444, 20, 78, 69, 0.00, 'available'),
(3445, 20, 78, 70, 0.00, 'available'),
(3446, 20, 78, 71, 0.00, 'available'),
(3447, 20, 78, 72, 0.00, 'available'),
(3448, 20, 78, 73, 0.00, 'available'),
(3449, 20, 78, 74, 0.00, 'available'),
(3450, 20, 78, 75, 0.00, 'available'),
(3451, 20, 79, 76, 0.00, 'available'),
(3452, 20, 79, 77, 0.00, 'available'),
(3453, 20, 79, 78, 0.00, 'available'),
(3454, 20, 79, 79, 0.00, 'available'),
(3455, 20, 79, 80, 0.00, 'available'),
(3456, 20, 79, 81, 0.00, 'available'),
(3457, 20, 79, 82, 0.00, 'available'),
(3458, 20, 79, 83, 0.00, 'available'),
(3459, 20, 79, 84, 0.00, 'available'),
(3460, 20, 79, 85, 0.00, 'available'),
(3461, 20, 79, 86, 0.00, 'available'),
(3462, 20, 79, 87, 0.00, 'available'),
(3463, 20, 79, 88, 0.00, 'available'),
(3464, 20, 79, 89, 0.00, 'available'),
(3465, 20, 79, 90, 0.00, 'available'),
(3466, 20, 79, 91, 0.00, 'available'),
(3467, 20, 79, 92, 0.00, 'available'),
(3468, 20, 79, 93, 0.00, 'available'),
(3469, 20, 79, 94, 0.00, 'available'),
(3470, 20, 79, 95, 0.00, 'available'),
(3471, 20, 79, 96, 0.00, 'available'),
(3472, 20, 79, 97, 0.00, 'available'),
(3473, 20, 79, 98, 0.00, 'available'),
(3474, 20, 79, 99, 0.00, 'available'),
(3475, 20, 79, 100, 0.00, 'available'),
(3476, 20, 79, 101, 0.00, 'available'),
(3477, 20, 79, 102, 0.00, 'available'),
(3478, 20, 79, 103, 0.00, 'available'),
(3479, 20, 79, 104, 0.00, 'available'),
(3480, 20, 79, 105, 0.00, 'available'),
(3481, 20, 79, 106, 0.00, 'available'),
(3482, 20, 79, 107, 0.00, 'available'),
(3483, 20, 79, 108, 0.00, 'available'),
(3484, 20, 79, 109, 0.00, 'available'),
(3485, 20, 79, 110, 0.00, 'available'),
(3486, 20, 79, 111, 0.00, 'available'),
(3487, 20, 79, 112, 0.00, 'available'),
(3488, 20, 79, 113, 0.00, 'available'),
(3489, 20, 79, 114, 0.00, 'available'),
(3490, 20, 79, 115, 0.00, 'available'),
(3491, 20, 79, 116, 0.00, 'available'),
(3492, 20, 79, 117, 0.00, 'available'),
(3493, 20, 79, 118, 0.00, 'available'),
(3494, 20, 79, 119, 0.00, 'available'),
(3495, 20, 79, 120, 0.00, 'available'),
(3496, 20, 79, 121, 0.00, 'available'),
(3497, 20, 79, 122, 0.00, 'available'),
(3498, 20, 79, 123, 0.00, 'available'),
(3499, 20, 79, 124, 0.00, 'available'),
(3500, 20, 79, 125, 0.00, 'available'),
(3501, 20, 79, 126, 0.00, 'available'),
(3502, 20, 79, 127, 0.00, 'available'),
(3503, 20, 79, 128, 0.00, 'available'),
(3504, 20, 79, 129, 0.00, 'available'),
(3505, 20, 79, 130, 0.00, 'available'),
(3506, 20, 79, 131, 0.00, 'available'),
(3507, 20, 79, 132, 0.00, 'available'),
(3508, 20, 79, 133, 0.00, 'available'),
(3509, 20, 79, 134, 0.00, 'available'),
(3510, 20, 79, 135, 0.00, 'available'),
(3511, 20, 79, 136, 0.00, 'available'),
(3512, 20, 79, 137, 0.00, 'available'),
(3513, 20, 79, 138, 0.00, 'available'),
(3514, 20, 80, 139, 0.00, 'available'),
(3515, 20, 80, 140, 0.00, 'available'),
(3516, 20, 80, 141, 0.00, 'available'),
(3517, 20, 80, 142, 0.00, 'available'),
(3518, 20, 80, 143, 0.00, 'available'),
(3519, 20, 80, 144, 0.00, 'available'),
(3520, 20, 80, 145, 0.00, 'available'),
(3521, 20, 80, 146, 0.00, 'available'),
(3522, 20, 80, 147, 0.00, 'available'),
(3523, 20, 80, 148, 0.00, 'available'),
(3524, 20, 80, 149, 0.00, 'available'),
(3525, 20, 80, 150, 0.00, 'available'),
(3526, 20, 80, 151, 0.00, 'available'),
(3527, 20, 80, 152, 0.00, 'available'),
(3528, 20, 80, 153, 0.00, 'available'),
(3529, 20, 80, 154, 0.00, 'available'),
(3530, 20, 80, 155, 0.00, 'available'),
(3531, 20, 80, 156, 0.00, 'available'),
(3532, 20, 80, 157, 0.00, 'available'),
(3533, 20, 80, 158, 0.00, 'available'),
(3534, 20, 80, 159, 0.00, 'available'),
(3535, 20, 80, 160, 0.00, 'available'),
(3536, 20, 80, 161, 0.00, 'available'),
(3537, 20, 80, 162, 0.00, 'available'),
(3538, 20, 80, 163, 0.00, 'available'),
(3539, 20, 80, 164, 0.00, 'available'),
(3540, 20, 80, 165, 0.00, 'available'),
(3541, 20, 80, 166, 0.00, 'available'),
(3542, 20, 80, 167, 0.00, 'available'),
(3543, 20, 80, 168, 0.00, 'available'),
(3544, 20, 80, 169, 0.00, 'available'),
(3545, 20, 80, 170, 0.00, 'available'),
(3546, 20, 80, 171, 0.00, 'available'),
(3547, 20, 80, 172, 0.00, 'available'),
(3548, 20, 80, 173, 0.00, 'available'),
(3549, 20, 80, 174, 0.00, 'available'),
(3550, 20, 80, 175, 0.00, 'available'),
(3551, 20, 80, 176, 0.00, 'available'),
(3552, 20, 80, 177, 0.00, 'available'),
(3553, 20, 80, 178, 0.00, 'available'),
(3554, 20, 80, 179, 0.00, 'available'),
(3555, 20, 80, 180, 0.00, 'available'),
(3556, 20, 80, 181, 0.00, 'available'),
(3557, 20, 80, 182, 0.00, 'available'),
(3558, 20, 80, 183, 0.00, 'available'),
(3559, 20, 80, 184, 0.00, 'available'),
(3560, 20, 80, 185, 0.00, 'available'),
(3561, 20, 80, 186, 0.00, 'available'),
(3562, 20, 80, 187, 0.00, 'available'),
(3563, 20, 80, 188, 0.00, 'available'),
(3564, 20, 80, 189, 0.00, 'available'),
(3565, 20, 80, 190, 0.00, 'available'),
(3566, 20, 80, 191, 0.00, 'available'),
(3567, 20, 80, 192, 0.00, 'available'),
(3568, 20, 80, 193, 0.00, 'available'),
(3569, 20, 80, 194, 0.00, 'available'),
(3570, 20, 80, 195, 0.00, 'available'),
(3571, 20, 80, 196, 0.00, 'available'),
(3572, 20, 80, 197, 0.00, 'available'),
(3573, 20, 80, 198, 0.00, 'available'),
(3574, 20, 80, 199, 0.00, 'available'),
(3575, 20, 80, 200, 0.00, 'available');

-- --------------------------------------------------------

--
-- Table structure for table `users`
--

CREATE TABLE `users` (
  `userID` int(11) NOT NULL,
  `username` varchar(255) NOT NULL,
  `email` varchar(255) NOT NULL,
  `password` varchar(255) NOT NULL,
  `userType` enum('customer','admin') NOT NULL
) ENGINE=InnoDB DEFAULT CHARSET=utf8mb4 COLLATE=utf8mb4_general_ci;

--
-- Dumping data for table `users`
--

INSERT INTO `users` (`userID`, `username`, `email`, `password`, `userType`) VALUES
(1, 'admin', 'admin@gmail.com', '123', 'admin'),
(2, 'user1', 'user1@gmail.com', '1234', 'customer'),
(3, 'user2', 'user2@gmail.com', '12345', 'customer'),
(4, 'user3', 'user3@gmail.com', '123456', 'customer');

-- --------------------------------------------------------

--
-- Table structure for table `venues`
--

CREATE TABLE `venues` (
  `venueID` int(11) NOT NULL,
  `venueName` varchar(255) NOT NULL,
  `venueLocation` varchar(255) NOT NULL
) ENGINE=InnoDB DEFAULT CHARSET=utf8mb4 COLLATE=utf8mb4_general_ci;

--
-- Dumping data for table `venues`
--

INSERT INTO `venues` (`venueID`, `venueName`, `venueLocation`) VALUES
(1, 'Munoz Pagasa GYM', 'Science City of Munoz'),
(2, 'CLSU Auditorium', 'Science City of Munoz'),
(3, 'New Frontier Theater', 'San Jose City '),
(4, 'Amphitheatre', 'Talavera,Nueva Ecija'),
(5, 'Music Hall', 'San Jose City ');

--
-- Indexes for dumped tables
--

--
-- Indexes for table `blogposts`
--
ALTER TABLE `blogposts`
  ADD PRIMARY KEY (`postID`);

--
-- Indexes for table `concerts`
--
ALTER TABLE `concerts`
  ADD PRIMARY KEY (`concertID`),
  ADD KEY `venueID` (`venueID`);

--
-- Indexes for table `contactmessages`
--
ALTER TABLE `contactmessages`
  ADD PRIMARY KEY (`messageID`);

--
-- Indexes for table `postlikes`
--
ALTER TABLE `postlikes`
  ADD PRIMARY KEY (`likeID`),
  ADD UNIQUE KEY `unique_like` (`postID`,`userID`),
  ADD KEY `userID` (`userID`);

--
-- Indexes for table `reservations`
--
ALTER TABLE `reservations`
  ADD PRIMARY KEY (`reservationID`),
  ADD KEY `userID` (`userID`),
  ADD KEY `seatID` (`seatID`),
  ADD KEY `concertID` (`concertID`),
  ADD KEY `seatPlanID` (`seatPlanID`);

--
-- Indexes for table `seatplans`
--
ALTER TABLE `seatplans`
  ADD PRIMARY KEY (`seatPlanID`),
  ADD KEY `concertID` (`concertID`);

--
-- Indexes for table `seats`
--
ALTER TABLE `seats`
  ADD PRIMARY KEY (`seatID`),
  ADD UNIQUE KEY `unique_seat` (`concertID`,`seatPlanID`,`seatNumber`),
  ADD KEY `seatPlanID` (`seatPlanID`);

--
-- Indexes for table `users`
--
ALTER TABLE `users`
  ADD PRIMARY KEY (`userID`);

--
-- Indexes for table `venues`
--
ALTER TABLE `venues`
  ADD PRIMARY KEY (`venueID`);

--
-- AUTO_INCREMENT for dumped tables
--

--
-- AUTO_INCREMENT for table `blogposts`
--
ALTER TABLE `blogposts`
  MODIFY `postID` int(11) NOT NULL AUTO_INCREMENT, AUTO_INCREMENT=10;

--
-- AUTO_INCREMENT for table `concerts`
--
ALTER TABLE `concerts`
  MODIFY `concertID` int(11) NOT NULL AUTO_INCREMENT, AUTO_INCREMENT=21;

--
-- AUTO_INCREMENT for table `contactmessages`
--
ALTER TABLE `contactmessages`
  MODIFY `messageID` int(11) NOT NULL AUTO_INCREMENT;

--
-- AUTO_INCREMENT for table `postlikes`
--
ALTER TABLE `postlikes`
  MODIFY `likeID` int(11) NOT NULL AUTO_INCREMENT;

--
-- AUTO_INCREMENT for table `reservations`
--
ALTER TABLE `reservations`
  MODIFY `reservationID` int(11) NOT NULL AUTO_INCREMENT;

--
-- AUTO_INCREMENT for table `seatplans`
--
ALTER TABLE `seatplans`
  MODIFY `seatPlanID` int(11) NOT NULL AUTO_INCREMENT, AUTO_INCREMENT=81;

--
-- AUTO_INCREMENT for table `seats`
--
ALTER TABLE `seats`
  MODIFY `seatID` int(11) NOT NULL AUTO_INCREMENT, AUTO_INCREMENT=3576;

--
-- AUTO_INCREMENT for table `users`
--
ALTER TABLE `users`
  MODIFY `userID` int(11) NOT NULL AUTO_INCREMENT, AUTO_INCREMENT=5;

--
-- AUTO_INCREMENT for table `venues`
--
ALTER TABLE `venues`
  MODIFY `venueID` int(11) NOT NULL AUTO_INCREMENT, AUTO_INCREMENT=6;

--
-- Constraints for dumped tables
--

--
-- Constraints for table `concerts`
--
ALTER TABLE `concerts`
  ADD CONSTRAINT `concerts_ibfk_1` FOREIGN KEY (`venueID`) REFERENCES `venues` (`venueID`);

--
-- Constraints for table `postlikes`
--
ALTER TABLE `postlikes`
  ADD CONSTRAINT `postlikes_ibfk_1` FOREIGN KEY (`postID`) REFERENCES `blogposts` (`postID`),
  ADD CONSTRAINT `postlikes_ibfk_2` FOREIGN KEY (`userID`) REFERENCES `users` (`userID`);

--
-- Constraints for table `reservations`
--
ALTER TABLE `reservations`
  ADD CONSTRAINT `reservations_ibfk_1` FOREIGN KEY (`userID`) REFERENCES `users` (`userID`),
  ADD CONSTRAINT `reservations_ibfk_2` FOREIGN KEY (`seatID`) REFERENCES `seats` (`seatID`),
  ADD CONSTRAINT `reservations_ibfk_3` FOREIGN KEY (`concertID`) REFERENCES `concerts` (`concertID`),
  ADD CONSTRAINT `reservations_ibfk_4` FOREIGN KEY (`seatPlanID`) REFERENCES `seatplans` (`seatPlanID`);

--
-- Constraints for table `seatplans`
--
ALTER TABLE `seatplans`
  ADD CONSTRAINT `seatplans_ibfk_1` FOREIGN KEY (`concertID`) REFERENCES `concerts` (`concertID`);

--
-- Constraints for table `seats`
--
ALTER TABLE `seats`
  ADD CONSTRAINT `seats_ibfk_1` FOREIGN KEY (`concertID`) REFERENCES `concerts` (`concertID`),
  ADD CONSTRAINT `seats_ibfk_2` FOREIGN KEY (`seatPlanID`) REFERENCES `seatplans` (`seatPlanID`);
COMMIT;

/*!40101 SET CHARACTER_SET_CLIENT=@OLD_CHARACTER_SET_CLIENT */;
/*!40101 SET CHARACTER_SET_RESULTS=@OLD_CHARACTER_SET_RESULTS */;
/*!40101 SET COLLATION_CONNECTION=@OLD_COLLATION_CONNECTION */;
